gene_id,control_1,control_2,control_3,control_4,stress_1,stress_2,stress_3,stress_4
AT_SIM_00000,146,352,180,122,162,299,125,441
AT_SIM_00001,9,25,17,15,5,19,22,12
AT_SIM_00002,863,482,470,926,1011,385,336,275
AT_SIM_00003,194,1178,481,776,162,245,399,784
AT_SIM_00004,7,4,1,1,3,4,5,6
AT_SIM_00005,21,6,5,15,11,6,5,13
AT_SIM_00006,185,182,539,193,89,143,194,129
AT_SIM_00007,71,115,60,55,331,254,161,439
AT_SIM_00008,227,202,130,178,85,186,63,269
AT_SIM_00009,20,19,20,48,35,31,17,14
AT_SIM_00010,1248,483,433,697,77,102,199,127
AT_SIM_00011,809,451,722,470,665,830,465,830
AT_SIM_00012,165,186,175,147,171,149,150,135
AT_SIM_00013,1866,916,1489,1928,960,1277,2241,1675
AT_SIM_00014,359,229,398,244,526,269,331,304
AT_SIM_00015,45,32,34,29,34,14,18,25
AT_SIM_00016,295,113,281,128,35,105,17,124
AT_SIM_00017,92,24,29,10,18,31,37,30
AT_SIM_00018,813,1081,553,610,421,706,526,502
AT_SIM_00019,92,66,63,103,64,241,237,105
AT_SIM_00020,95,87,82,155,74,110,139,51
AT_SIM_00021,41,77,28,73,37,37,38,27
AT_SIM_00022,641,2470,1521,1161,1464,185,1440,284
AT_SIM_00023,114,122,77,59,129,147,73,113
AT_SIM_00024,82,55,73,57,60,52,34,33
AT_SIM_00025,50,35,28,128,24,33,123,22
AT_SIM_00026,277,953,282,278,198,245,226,416
AT_SIM_00027,103,538,317,84,297,302,261,478
AT_SIM_00028,378,519,183,260,366,211,234,276
AT_SIM_00029,472,397,286,410,391,357,380,298
AT_SIM_00030,15641,8029,17522,13659,6928,12997,8257,9554
AT_SIM_00031,47,26,37,53,27,36,61,36
AT_SIM_00032,11,161,34,7,17,16,9,35
AT_SIM_00033,23,14,87,6,64,18,1,19
AT_SIM_00034,618,565,490,327,268,363,445,193
AT_SIM_00035,1413,1454,1606,1124,1414,1190,1416,1327
AT_SIM_00036,104,196,120,53,133,137,175,103
AT_SIM_00037,17,28,16,33,4,19,25,12
AT_SIM_00038,30,38,46,24,36,23,28,31
AT_SIM_00039,660,783,528,752,347,460,260,370
AT_SIM_00040,907,563,516,690,166,68,146,99
AT_SIM_00041,903,85,562,335,661,562,2308,745
AT_SIM_00042,50,21,17,27,17,26,95,17
AT_SIM_00043,90,264,215,128,1740,1421,624,1041
AT_SIM_00044,111,285,108,233,124,46,114,150
AT_SIM_00045,339,226,114,340,385,110,173,296
AT_SIM_00046,700,1321,1660,773,1385,292,716,1458
AT_SIM_00047,343,111,209,198,170,109,184,43
AT_SIM_00048,762,117,1022,1222,155,482,1184,391
AT_SIM_00049,196,156,210,115,286,52,157,69
AT_SIM_00050,243,300,271,262,217,111,259,222
AT_SIM_00051,438,362,78,318,84,140,66,716
AT_SIM_00052,9,16,11,6,10,6,7,12
AT_SIM_00053,55,76,54,139,89,91,23,107
AT_SIM_00054,41,49,60,56,159,19,53,23
AT_SIM_00055,28,69,11,49,27,77,20,8
AT_SIM_00056,82,58,112,85,66,43,56,47
AT_SIM_00057,858,2765,5774,2781,6127,1050,2530,1633
AT_SIM_00058,11,19,13,29,16,7,16,16
AT_SIM_00059,915,899,1134,1135,154,154,191,108
AT_SIM_00060,12,14,10,0,6,4,1,4
AT_SIM_00061,126,71,217,20,114,215,254,146
AT_SIM_00062,108,183,162,167,113,75,130,9
AT_SIM_00063,590,624,342,404,308,631,733,442
AT_SIM_00064,489,468,935,596,600,467,585,907
AT_SIM_00065,1102,497,1128,537,541,799,686,959
AT_SIM_00066,30,78,92,48,47,91,69,39
AT_SIM_00067,47,17,103,54,88,25,72,163
AT_SIM_00068,491,1277,511,453,816,350,193,356
AT_SIM_00069,22,19,32,243,20,66,44,44
AT_SIM_00070,15,14,13,12,14,10,13,17
AT_SIM_00071,10,29,11,14,10,10,7,18
AT_SIM_00072,5,38,22,38,14,28,15,13
AT_SIM_00073,621,334,456,301,64,91,72,89
AT_SIM_00074,265,196,330,215,272,119,232,187
AT_SIM_00075,749,773,700,495,679,397,94,886
AT_SIM_00076,43,87,18,113,59,58,80,59
AT_SIM_00077,93,18,355,114,49,46,19,122
AT_SIM_00078,443,495,251,518,477,833,657,438
AT_SIM_00079,105,105,66,90,213,85,108,106
AT_SIM_00080,292,253,743,127,525,119,216,426
AT_SIM_00081,54,28,30,24,58,41,18,53
AT_SIM_00082,46,46,38,72,204,210,163,195
AT_SIM_00083,133,77,97,104,102,143,27,54
AT_SIM_00084,15,12,11,27,11,5,18,15
AT_SIM_00085,205,472,488,763,321,1301,440,93
AT_SIM_00086,106,27,67,34,97,39,45,62
AT_SIM_00087,63,4,207,47,24,166,60,1
AT_SIM_00088,281,369,393,431,399,343,392,349
AT_SIM_00089,396,171,145,149,811,847,304,1170
AT_SIM_00090,2017,380,654,918,265,323,60,288
AT_SIM_00091,261,159,85,105,78,147,17,340
AT_SIM_00092,82,53,36,54,74,62,99,77
AT_SIM_00093,66,115,105,49,209,95,156,138
AT_SIM_00094,2,4,2,3,7,0,7,1
AT_SIM_00095,13,15,16,7,6,6,7,11
AT_SIM_00096,6,11,11,7,13,5,1,11
AT_SIM_00097,38,20,7,29,111,170,73,171
AT_SIM_00098,762,195,100,491,372,723,145,208
AT_SIM_00099,20,50,17,39,35,32,23,29
AT_SIM_00100,43,47,79,43,20,89,183,128
AT_SIM_00101,1203,1361,2310,477,1111,3965,1870,1490
AT_SIM_00102,262,26,39,120,42,59,78,16
AT_SIM_00103,1073,683,806,1326,652,186,441,935
AT_SIM_00104,25,36,12,1,4,13,13,18
AT_SIM_00105,131,67,113,63,77,79,67,80
AT_SIM_00106,14,8,13,17,23,13,15,13
AT_SIM_00107,58,60,108,77,73,41,53,159
AT_SIM_00108,748,1576,575,686,967,569,956,661
AT_SIM_00109,9,6,0,0,8,9,2,9
AT_SIM_00110,54,13,205,280,617,0,45,169
AT_SIM_00111,108,73,193,55,200,177,128,420
AT_SIM_00112,48,60,32,56,21,33,39,52
AT_SIM_00113,5,8,13,11,5,6,13,9
AT_SIM_00114,132,279,133,235,102,109,100,253
AT_SIM_00115,31,45,49,65,43,67,33,16
AT_SIM_00116,212,437,127,379,207,63,486,209
AT_SIM_00117,140,160,84,106,81,111,105,129
AT_SIM_00118,1800,3050,3224,12568,2245,3047,4897,7027
AT_SIM_00119,105,92,65,66,55,85,127,82
AT_SIM_00120,32,19,31,12,9,3,14,9
AT_SIM_00121,280,260,280,112,195,75,133,189
AT_SIM_00122,162,101,378,46,83,25,107,277
AT_SIM_00123,1576,1630,238,834,2307,1507,1344,1611
AT_SIM_00124,1519,305,441,534,562,593,648,839
AT_SIM_00125,297,147,1027,194,474,55,525,187
AT_SIM_00126,3249,2684,3159,2499,2389,2507,2424,2339
AT_SIM_00127,44,14,10,5,9,22,3,20
AT_SIM_00128,26,64,9,30,12,26,40,23
AT_SIM_00129,6,21,34,24,15,41,17,39
AT_SIM_00130,105,55,67,132,56,63,131,176
AT_SIM_00131,17,1,11,6,5,18,9,11
AT_SIM_00132,435,399,911,286,762,537,768,345
AT_SIM_00133,52,102,99,101,57,85,86,60
AT_SIM_00134,8,11,7,8,22,9,6,7
AT_SIM_00135,6,7,30,5,9,28,22,16
AT_SIM_00136,196,357,533,111,567,378,242,100
AT_SIM_00137,536,454,663,767,573,595,270,505
AT_SIM_00138,13460,12177,380,8542,8455,6524,11430,3287
AT_SIM_00139,3855,74544,41264,31922,15132,28309,40589,73463
AT_SIM_00140,406,244,279,198,381,231,245,387
AT_SIM_00141,34,25,2,14,32,45,18,21
AT_SIM_00142,9,3,4,2,2,4,3,0
AT_SIM_00143,411,142,302,116,113,144,155,244
AT_SIM_00144,44,27,29,48,18,35,26,16
AT_SIM_00145,44,58,58,94,46,22,64,64
AT_SIM_00146,36,32,34,44,27,12,49,71
AT_SIM_00147,30,84,185,145,1,16,5,34
AT_SIM_00148,354,925,2521,905,4418,1002,660,257
AT_SIM_00149,155,184,15,66,300,127,224,44
AT_SIM_00150,122,14,35,45,97,33,13,9
AT_SIM_00151,25,18,12,9,8,21,9,59
AT_SIM_00152,3,4,10,2,8,5,1,7
AT_SIM_00153,51,123,103,60,7,49,35,17
AT_SIM_00154,165,112,364,81,127,107,46,128
AT_SIM_00155,3956,647,6506,1201,10889,4719,5101,1051
AT_SIM_00156,156,208,230,150,193,159,181,152
AT_SIM_00157,1007,1240,1071,1026,812,825,879,1448
AT_SIM_00158,30,59,44,22,29,28,30,88
AT_SIM_00159,13,13,7,8,22,14,13,13
AT_SIM_00160,15,45,6,31,20,16,30,15
AT_SIM_00161,34,50,33,34,36,25,40,14
AT_SIM_00162,5879,7,2959,2840,25501,555,11237,2887
AT_SIM_00163,16,32,27,63,18,36,28,6
AT_SIM_00164,526,37,1543,1543,5731,3208,466,3132
AT_SIM_00165,31,31,23,29,31,21,25,21
AT_SIM_00166,1328,299,1609,1168,1661,1142,630,1524
AT_SIM_00167,181,260,285,728,215,61,281,33
AT_SIM_00168,205,366,41,53,99,56,29,166
AT_SIM_00169,191,176,142,149,170,50,70,26
AT_SIM_00170,26,28,68,45,37,28,25,32
AT_SIM_00171,406,790,366,353,414,248,325,230
AT_SIM_00172,30,62,36,15,42,56,52,77
AT_SIM_00173,8,50,2,2,27,3,12,11
AT_SIM_00174,1,15,12,32,38,14,11,42
AT_SIM_00175,146,150,194,177,192,362,83,145
AT_SIM_00176,3666,1878,8275,694,5289,3040,1030,3169
AT_SIM_00177,521,281,242,159,98,131,270,130
AT_SIM_00178,137,82,77,192,172,117,68,93
AT_SIM_00179,167,299,230,207,250,286,185,281
AT_SIM_00180,1117,2674,1969,2034,6432,7909,6552,4952
AT_SIM_00181,200,181,229,45,149,208,146,165
AT_SIM_00182,139,56,42,66,42,88,34,21
AT_SIM_00183,2020,357,577,451,1623,774,467,997
AT_SIM_00184,248,438,391,374,476,228,476,193
AT_SIM_00185,4689,3826,2577,2963,2568,3726,3571,3378
AT_SIM_00186,59,177,84,121,279,297,94,110
AT_SIM_00187,19,7,7,9,10,10,11,10
AT_SIM_00188,1,8,11,5,5,1,19,9
AT_SIM_00189,3023,5812,4009,3295,7718,7323,8560,8957
AT_SIM_00190,3950,4870,3357,4009,3808,4863,3937,3849
AT_SIM_00191,92,114,66,85,72,64,108,94
AT_SIM_00192,58,52,37,86,53,36,26,66
AT_SIM_00193,2000,2170,2840,2350,3403,3383,900,2266
AT_SIM_00194,10,15,13,26,17,13,14,9
AT_SIM_00195,31,33,22,11,10,38,7,9
AT_SIM_00196,876,198,695,876,727,519,363,358
AT_SIM_00197,51,21,23,50,48,74,112,67
AT_SIM_00198,144,113,126,139,110,147,128,122
AT_SIM_00199,133,47,122,250,142,90,47,128
AT_SIM_00200,384,250,308,150,1523,1093,1148,1684
AT_SIM_00201,7050,1757,2295,1602,752,796,1873,1181
AT_SIM_00202,102,196,225,94,190,73,82,37
AT_SIM_00203,695,676,233,417,895,122,170,223
AT_SIM_00204,1,3,3,0,1,2,2,1
AT_SIM_00205,176,173,186,14,13,7,242,59
AT_SIM_00206,36,53,46,20,26,15,9,31
AT_SIM_00207,5,20,33,24,12,5,19,2
AT_SIM_00208,22,44,26,25,16,23,31,16
AT_SIM_00209,83,79,60,69,89,39,52,63
AT_SIM_00210,588,1455,567,607,587,533,895,700
AT_SIM_00211,3,15,15,9,5,8,10,11
AT_SIM_00212,74,336,160,60,269,186,92,151
AT_SIM_00213,59,23,73,51,43,49,40,47
AT_SIM_00214,77,47,65,54,85,48,71,124
AT_SIM_00215,1378,203,957,439,156,809,513,935
AT_SIM_00216,446,202,453,438,502,354,164,336
AT_SIM_00217,315,3649,850,1768,4273,724,1140,1946
AT_SIM_00218,137,110,224,54,140,60,59,73
AT_SIM_00219,32,26,41,23,47,27,16,71
AT_SIM_00220,120,120,99,81,13,30,28,24
AT_SIM_00221,280,257,179,59,265,184,385,156
AT_SIM_00222,189,234,218,178,183,161,234,193
AT_SIM_00223,7,16,25,10,14,23,8,5
AT_SIM_00224,111,291,181,191,93,55,256,158
AT_SIM_00225,218,209,122,107,311,212,294,108
AT_SIM_00226,29002,6727,30054,23151,17497,18700,11758,25108
AT_SIM_00227,3274,2977,5097,3155,11348,7935,2303,5893
AT_SIM_00228,45,13,15,17,24,26,28,22
AT_SIM_00229,87,27,140,48,107,126,44,52
AT_SIM_00230,13,4,6,11,10,4,12,4
AT_SIM_00231,47,53,49,47,47,37,62,31
AT_SIM_00232,208,61,110,287,79,120,118,189
AT_SIM_00233,1504,4144,2471,1216,325,873,522,792
AT_SIM_00234,3,11,88,44,35,7,22,35
AT_SIM_00235,10,50,52,72,41,37,55,49
AT_SIM_00236,2,2,1,2,2,3,1,2
AT_SIM_00237,75,41,64,95,184,27,53,20
AT_SIM_00238,6,17,33,20,9,8,8,18
AT_SIM_00239,72,84,33,97,69,35,10,94
AT_SIM_00240,4,12,14,12,10,41,6,47
AT_SIM_00241,75,225,117,27,432,25,159,86
AT_SIM_00242,4,5,0,3,1,0,0,0
AT_SIM_00243,16,8,14,11,7,10,6,3
AT_SIM_00244,12842,13317,12077,6865,17838,4479,16982,8916
AT_SIM_00245,10,35,10,4,13,5,2,14
AT_SIM_00246,15,3,17,2,33,37,14,13
AT_SIM_00247,439,5058,9884,5525,5885,2392,4870,3821
AT_SIM_00248,18226,10806,7573,45940,18828,43890,23011,31037
AT_SIM_00249,18,10,19,12,24,20,24,7
AT_SIM_00250,33,71,91,108,67,50,144,99
AT_SIM_00251,102,263,240,130,418,245,430,214
AT_SIM_00252,6237,4683,2928,3263,2147,5014,4867,9492
AT_SIM_00253,15,21,24,8,14,27,8,40
AT_SIM_00254,64,69,118,134,548,702,622,283
AT_SIM_00255,925,479,841,240,410,473,273,293
AT_SIM_00256,192,439,304,38,39,59,329,225
AT_SIM_00257,60,108,95,83,48,80,110,65
AT_SIM_00258,71,48,212,34,133,243,152,102
AT_SIM_00259,4,4,8,8,10,19,13,4
AT_SIM_00260,53,121,69,60,114,67,113,67
AT_SIM_00261,18,65,53,89,24,93,46,73
AT_SIM_00262,73,370,262,197,127,128,124,176
AT_SIM_00263,44,48,38,51,52,56,32,46
AT_SIM_00264,319,116,333,138,262,435,138,622
AT_SIM_00265,663,2469,204,1370,417,351,1639,465
AT_SIM_00266,144,294,585,34,128,392,147,62
AT_SIM_00267,312,321,193,303,153,389,149,154
AT_SIM_00268,127,492,59,202,42,26,136,31
AT_SIM_00269,116,242,243,290,138,173,167,112
AT_SIM_00270,24,5,7,47,41,43,28,47
AT_SIM_00271,251,252,222,271,277,265,193,252
AT_SIM_00272,119,188,59,197,108,124,38,87
AT_SIM_00273,3006,5702,7696,2027,8174,6089,7565,26663
AT_SIM_00274,1454,10647,1315,1060,837,1678,4868,3763
AT_SIM_00275,197,416,243,722,39,78,76,18
AT_SIM_00276,28,20,12,6,37,18,34,45
AT_SIM_00277,11,29,14,12,15,10,2,26
AT_SIM_00278,3289,1509,1807,199,248,327,334,1410
AT_SIM_00279,456,136,341,346,1408,398,464,878
AT_SIM_00280,115,503,434,75,660,2735,795,4201
AT_SIM_00281,3,2,1,15,1,2,4,14
AT_SIM_00282,723,1467,674,344,170,117,95,107
AT_SIM_00283,535,355,261,306,306,97,157,302
AT_SIM_00284,10,47,41,0,15,9,11,19
AT_SIM_00285,4,114,23,33,16,62,3,19
AT_SIM_00286,96,71,104,293,90,193,240,193
AT_SIM_00287,154,73,44,152,217,198,117,171
AT_SIM_00288,81,72,134,62,0,42,129,8
AT_SIM_00289,54,241,42,52,119,78,102,195
AT_SIM_00290,74,35,201,6,301,66,79,3
AT_SIM_00291,173,331,643,247,352,219,258,416
AT_SIM_00292,3895,3093,3615,2598,3018,4567,1950,3977
AT_SIM_00293,0,1,0,0,3,0,1,0
AT_SIM_00294,108,45,55,52,131,46,123,46
AT_SIM_00295,129,89,235,228,80,98,176,81
AT_SIM_00296,448,233,246,317,342,292,179,285
AT_SIM_00297,63,74,46,48,46,90,38,48
AT_SIM_00298,5,4,4,3,1,0,0,1
AT_SIM_00299,316,338,315,238,256,308,237,284
AT_SIM_00300,2445,3119,3708,3236,3960,785,381,13338
AT_SIM_00301,8,7,2,6,25,35,27,25
AT_SIM_00302,1633,676,692,772,210,988,774,984
AT_SIM_00303,139,123,87,46,6,52,17,60
AT_SIM_00304,50,318,6,23,162,358,248,152
AT_SIM_00305,19,10,16,9,15,8,22,12
AT_SIM_00306,135,28,46,151,69,64,33,48
AT_SIM_00307,1873,1955,791,514,2318,2296,1238,1250
AT_SIM_00308,111,173,567,424,614,133,868,352
AT_SIM_00309,4164,3410,4646,2916,3587,4641,5400,3557
AT_SIM_00310,1424,1403,803,2119,2656,770,777,1738
AT_SIM_00311,239,325,292,266,346,184,293,192
AT_SIM_00312,6938,2501,4729,7252,3090,2463,3145,836
AT_SIM_00313,638,329,167,328,398,255,425,193
AT_SIM_00314,897,955,1209,700,608,1359,578,538
AT_SIM_00315,37,106,163,63,25,107,38,130
AT_SIM_00316,320,204,280,102,94,161,168,126
AT_SIM_00317,35,70,34,8,34,46,19,28
AT_SIM_00318,540,937,1598,379,1008,890,1831,841
AT_SIM_00319,1,2,12,11,29,0,1,16
AT_SIM_00320,654,960,652,706,666,447,804,514
AT_SIM_00321,134,82,43,62,78,46,166,114
AT_SIM_00322,712,4012,1506,1618,1492,1618,230,1678
AT_SIM_00323,1068,704,544,388,614,706,442,753
AT_SIM_00324,3014,4269,9288,2284,4368,8959,6397,6232
AT_SIM_00325,716,758,491,507,216,651,495,303
AT_SIM_00326,4,11,6,5,13,3,4,4
AT_SIM_00327,95,68,113,32,66,168,95,32
AT_SIM_00328,17,30,15,11,12,22,7,3
AT_SIM_00329,48,45,28,57,34,42,64,51
AT_SIM_00330,10002,12394,4274,904,600,518,789,645
AT_SIM_00331,395,1078,740,831,339,98,199,57
AT_SIM_00332,28,36,20,25,43,17,30,40
AT_SIM_00333,46,16,15,18,42,4,32,45
AT_SIM_00334,68,268,175,373,75,116,96,84
AT_SIM_00335,11,16,10,6,6,8,17,8
AT_SIM_00336,34,47,23,21,47,20,41,45
AT_SIM_00337,853,589,188,306,155,225,99,196
AT_SIM_00338,3279,1031,898,952,1919,715,1596,1554
AT_SIM_00339,501,384,432,509,538,536,449,389
AT_SIM_00340,1,0,0,2,3,3,2,3
AT_SIM_00341,169,157,418,254,325,127,377,319
AT_SIM_00342,40,248,121,216,108,135,217,139
AT_SIM_00343,553,677,148,155,279,133,398,357
AT_SIM_00344,2710,3018,4538,3943,708,4446,594,3217
AT_SIM_00345,3,3,1,2,6,3,0,4
AT_SIM_00346,44,15,18,29,12,53,51,78
AT_SIM_00347,183,452,651,200,1415,401,772,532
AT_SIM_00348,8,9,5,11,5,2,4,3
AT_SIM_00349,3100,3467,2046,2026,3197,3418,5411,11863
AT_SIM_00350,221,477,194,354,783,193,386,683
AT_SIM_00351,1217,1758,235,548,350,833,460,454
AT_SIM_00352,45,111,51,72,28,25,52,31
AT_SIM_00353,866,898,1160,103,383,43,193,141
AT_SIM_00354,1926,1131,881,799,1292,1487,1322,688
AT_SIM_00355,769,205,856,268,228,957,227,237
AT_SIM_00356,326,471,675,427,97,134,202,331
AT_SIM_00357,385,221,310,159,263,335,250,231
AT_SIM_00358,37,10,11,25,6,3,2,5
AT_SIM_00359,146,136,165,93,90,101,78,102
AT_SIM_00360,77,70,83,108,89,87,160,128
AT_SIM_00361,307,384,248,319,368,260,332,184
AT_SIM_00362,590,634,672,671,1449,854,689,789
AT_SIM_00363,21,32,45,15,7,19,7,19
AT_SIM_00364,73,100,354,40,29,8,134,100
AT_SIM_00365,3459,1606,2580,1651,5446,17620,19963,7408
AT_SIM_00366,42,34,61,19,92,78,84,134
AT_SIM_00367,63,19,114,12,12,61,26,10
AT_SIM_00368,123,284,461,228,451,393,206,158
AT_SIM_00369,1078,549,1161,303,1612,1244,113,387
AT_SIM_00370,157,98,262,93,77,157,128,180
AT_SIM_00371,2506,1688,1585,889,2023,831,1209,1006
AT_SIM_00372,829,662,661,862,906,633,808,817
AT_SIM_00373,441,1221,824,601,362,1024,591,1013
AT_SIM_00374,353,79,332,469,61,503,379,345
AT_SIM_00375,14546,15556,12989,24584,12075,13246,7082,15342
AT_SIM_00376,118,56,33,35,628,145,34,545
AT_SIM_00377,2,5,1,2,5,18,14,18
AT_SIM_00378,1919,9449,4808,921,912,632,2697,3384
AT_SIM_00379,28,48,34,72,98,13,35,31
AT_SIM_00380,178,156,81,167,185,298,124,133
AT_SIM_00381,1770,4139,2762,1289,2308,1770,2077,3360
AT_SIM_00382,3,19,7,0,2,38,5,8
AT_SIM_00383,22,13,11,14,13,9,4,21
AT_SIM_00384,11,9,8,9,6,8,2,5
AT_SIM_00385,22,41,9,34,33,28,48,14
AT_SIM_00386,560,339,280,207,405,444,148,117
AT_SIM_00387,226,750,192,223,456,309,348,255
AT_SIM_00388,316,258,237,361,273,238,134,85
AT_SIM_00389,12,15,6,9,2,14,11,5
AT_SIM_00390,0,1,2,2,1,2,2,1
AT_SIM_00391,86,240,200,75,261,221,172,182
AT_SIM_00392,21,93,74,127,16,119,20,37
AT_SIM_00393,315,401,810,180,325,703,183,195
AT_SIM_00394,643,1033,193,385,301,757,747,424
AT_SIM_00395,157,137,80,71,53,408,244,96
AT_SIM_00396,1009,619,562,377,477,618,649,946
AT_SIM_00397,258,106,217,207,158,262,185,215
AT_SIM_00398,535,459,482,332,470,515,443,460
AT_SIM_00399,43,55,35,28,40,21,45,36
AT_SIM_00400,87,108,147,115,88,106,135,25
AT_SIM_00401,174,233,409,341,298,89,339,273
AT_SIM_00402,643,803,822,917,1031,424,572,850
AT_SIM_00403,61,83,33,33,68,133,63,18
AT_SIM_00404,709,424,340,282,73,83,129,87
AT_SIM_00405,36,153,86,78,23,74,43,96
AT_SIM_00406,120,115,75,82,88,123,113,116
AT_SIM_00407,1060,1282,1225,299,701,665,453,767
AT_SIM_00408,3,3,4,1,100,24,18,20
AT_SIM_00409,24,21,5,3,10,12,25,6
AT_SIM_00410,3,6,13,0,7,3,7,4
AT_SIM_00411,2,2,0,2,1,0,1,3
AT_SIM_00412,56,20,29,17,29,26,12,17
AT_SIM_00413,278,265,1438,668,414,834,94,1156
AT_SIM_00414,32,76,118,69,319,125,222,351
AT_SIM_00415,224,361,369,420,83,157,193,83
AT_SIM_00416,610,3012,1497,1709,370,1199,397,863
AT_SIM_00417,3401,3295,5174,1307,8730,6426,4847,3727
AT_SIM_00418,114,264,139,118,161,138,69,85
AT_SIM_00419,1868,2238,2399,373,3292,702,1765,1432
AT_SIM_00420,51,242,220,245,79,381,32,269
AT_SIM_00421,41,58,41,26,24,22,4,14
AT_SIM_00422,129,51,23,63,27,19,63,82
AT_SIM_00423,3,10,0,5,11,11,5,18
AT_SIM_00424,40,29,17,21,41,18,6,15
AT_SIM_00425,26,167,28,34,71,35,13,119
AT_SIM_00426,183,1164,111,16,912,275,76,94
AT_SIM_00427,3929,5065,5336,4753,5509,6025,3483,3844
AT_SIM_00428,9,4,9,2,6,7,4,27
AT_SIM_00429,504,474,458,295,504,402,37,184
AT_SIM_00430,19,16,11,20,8,18,7,11
AT_SIM_00431,351,412,348,416,353,385,218,365
AT_SIM_00432,115,149,134,128,119,83,98,71
AT_SIM_00433,2,2,5,3,3,3,3,6
AT_SIM_00434,770,509,1219,1043,962,704,1498,437
AT_SIM_00435,36,51,20,128,11,28,82,50
AT_SIM_00436,152,22,53,68,72,12,9,37
AT_SIM_00437,29,23,13,11,26,11,7,14
AT_SIM_00438,48,17,23,91,52,28,36,59
AT_SIM_00439,271,425,218,344,215,177,548,270
AT_SIM_00440,130,74,77,69,97,118,16,81
AT_SIM_00441,467,360,279,341,1019,329,1013,354
AT_SIM_00442,477,244,345,153,1230,1159,1498,1196
AT_SIM_00443,2028,4716,3435,1284,3641,1927,1014,351
AT_SIM_00444,141,41,63,35,39,103,66,95
AT_SIM_00445,7,6,5,4,7,9,8,6
AT_SIM_00446,1048,1006,759,1028,814,1296,1642,1218
AT_SIM_00447,77,17,70,40,68,52,95,86
AT_SIM_00448,490,1787,658,1415,907,504,771,549
AT_SIM_00449,68,145,445,240,144,477,198,475
AT_SIM_00450,39,138,106,58,10,113,28,188
AT_SIM_00451,287,381,274,213,305,250,228,274
AT_SIM_00452,3104,14031,5553,16413,16538,961,10699,3228
AT_SIM_00453,44169,1939,650,24953,22636,2002,3472,1369
AT_SIM_00454,242,35,65,226,69,43,30,152
AT_SIM_00455,136,161,167,57,154,166,222,616
AT_SIM_00456,1399,1691,1015,1251,1280,1712,1146,929
AT_SIM_00457,41,15,18,0,3,35,15,12
AT_SIM_00458,723,73,65,160,210,495,195,194
AT_SIM_00459,134,161,153,110,97,70,208,139
AT_SIM_00460,102,408,95,226,176,38,502,464
AT_SIM_00461,8,32,38,24,7,53,17,9
AT_SIM_00462,2,0,11,1,5,5,4,4
AT_SIM_00463,1,1,2,2,3,4,0,1
AT_SIM_00464,1,12,2,6,13,3,5,20
AT_SIM_00465,111,60,82,51,100,69,34,93
AT_SIM_00466,48,104,121,56,120,110,119,105
AT_SIM_00467,8935,11332,5554,5277,1241,6162,5006,5334
AT_SIM_00468,519,3706,685,625,341,314,974,1225
AT_SIM_00469,11,19,15,17,24,53,12,12
AT_SIM_00470,323,451,247,322,108,134,171,378
AT_SIM_00471,96,51,51,39,57,49,65,77
AT_SIM_00472,246,110,135,122,162,139,37,55
AT_SIM_00473,209,142,383,49,73,164,183,244
AT_SIM_00474,459,890,552,631,84,70,82,97
AT_SIM_00475,44,190,44,68,332,361,321,147
AT_SIM_00476,1204,393,1564,582,1052,1847,986,473
AT_SIM_00477,9,49,10,9,10,17,3,8
AT_SIM_00478,92,597,61,270,347,57,143,328
AT_SIM_00479,20281,18260,38277,27180,37416,16304,3266,44425
AT_SIM_00480,118,201,273,444,118,242,135,151
AT_SIM_00481,3177,1837,2922,2541,1916,671,5706,2323
AT_SIM_00482,183,174,147,69,91,98,142,170
AT_SIM_00483,458,520,209,277,312,439,386,154
AT_SIM_00484,148,195,89,134,16,35,43,57
AT_SIM_00485,77,172,137,114,44,72,123,68
AT_SIM_00486,23,42,26,32,35,17,23,17
AT_SIM_00487,1261,481,277,351,470,65,435,186
AT_SIM_00488,10,30,100,52,4,6,15,4
AT_SIM_00489,372,271,399,441,81,64,75,98
AT_SIM_00490,2615,1862,843,1005,276,358,2284,1411
AT_SIM_00491,76,109,83,340,30,166,291,615
AT_SIM_00492,57,61,64,31,46,63,101,74
AT_SIM_00493,94,436,158,28,175,171,293,17
AT_SIM_00494,116,114,57,76,93,44,59,69
AT_SIM_00495,599,498,1514,3174,786,996,141,1046
AT_SIM_00496,1,2,1,6,2,5,1,1
AT_SIM_00497,129,88,69,76,68,66,59,64
AT_SIM_00498,2,6,3,0,2,1,1,3
AT_SIM_00499,6,5,33,7,10,7,1,4
AT_SIM_00500,2101,3667,2224,418,2235,1976,2310,1090
AT_SIM_00501,985,1208,1814,486,710,1045,825,393
AT_SIM_00502,34,55,38,35,6,17,21,59
AT_SIM_00503,6,6,1,2,6,1,5,8
AT_SIM_00504,0,2,1,2,0,1,0,1
AT_SIM_00505,52,90,48,42,88,57,37,64
AT_SIM_00506,27355,23389,10357,17066,11992,11412,8813,18153
AT_SIM_00507,263,546,414,218,117,114,98,99
AT_SIM_00508,39,47,44,57,33,58,12,20
AT_SIM_00509,18,539,952,798,236,121,73,428
AT_SIM_00510,5,3,4,2,12,2,8,11
AT_SIM_00511,128,83,23,90,89,108,48,84
AT_SIM_00512,157,175,194,263,154,181,277,336
AT_SIM_00513,261,132,144,35,102,114,92,156
AT_SIM_00514,549,1810,861,1148,590,339,598,746
AT_SIM_00515,157,253,303,315,549,48,204,401
AT_SIM_00516,488,795,868,603,753,748,582,354
AT_SIM_00517,33,87,20,59,19,13,25,33
AT_SIM_00518,634,1038,498,336,404,532,891,263
AT_SIM_00519,1982,1568,3838,3354,4112,4970,3679,4361
AT_SIM_00520,26,10,12,16,26,16,22,36
AT_SIM_00521,41,28,26,14,20,21,17,36
AT_SIM_00522,598,1635,756,3327,1379,1678,2187,1788
AT_SIM_00523,125,159,22,156,38,157,55,81
AT_SIM_00524,872,1468,1883,4713,2634,1106,456,4877
AT_SIM_00525,23,76,39,56,97,72,45,29
AT_SIM_00526,1221,1246,3723,1562,1614,4476,1670,2138
AT_SIM_00527,274,76,97,508,77,283,297,45
AT_SIM_00528,363,340,238,237,340,273,206,255
AT_SIM_00529,1619,1757,5920,1957,3340,1510,1251,2446
AT_SIM_00530,33,92,111,83,156,911,152,424
AT_SIM_00531,16,16,10,18,30,16,15,22
AT_SIM_00532,80,67,63,62,73,74,34,53
AT_SIM_00533,272,54,105,321,73,84,107,76
AT_SIM_00534,10,5,4,6,13,7,6,6
AT_SIM_00535,194,369,872,595,427,388,587,515
AT_SIM_00536,9,30,46,75,32,23,54,67
AT_SIM_00537,1617,1678,1316,963,1049,892,1250,1161
AT_SIM_00538,0,0,0,4,2,1,3,0
AT_SIM_00539,19,22,14,32,14,35,18,42
AT_SIM_00540,3,6,6,6,3,7,7,4
AT_SIM_00541,42,22,25,24,24,28,19,19
AT_SIM_00542,364,187,232,121,183,223,58,248
AT_SIM_00543,196,81,111,71,30,17,225,201
AT_SIM_00544,26,80,67,36,78,97,68,99
AT_SIM_00545,217,169,24,9,97,44,95,428
AT_SIM_00546,240,152,173,196,150,355,270,149
AT_SIM_00547,33,6,8,23,1,4,5,9
AT_SIM_00548,659,985,602,369,530,373,630,330
AT_SIM_00549,319,517,248,338,185,490,666,1238
AT_SIM_00550,90,196,346,366,116,129,225,250
AT_SIM_00551,430,86,241,487,91,356,256,448
AT_SIM_00552,251,174,127,196,412,514,293,362
AT_SIM_00553,11823,11478,7191,5603,9600,10103,4549,6156
AT_SIM_00554,53,108,66,86,136,173,96,195
AT_SIM_00555,154,118,95,57,50,58,63,50
AT_SIM_00556,3,60,14,13,28,16,35,4
AT_SIM_00557,7,38,6,12,17,6,9,29
AT_SIM_00558,19,7,13,11,11,10,6,9
AT_SIM_00559,29,19,11,9,16,15,16,23
AT_SIM_00560,124,86,104,72,69,71,108,181
AT_SIM_00561,234,288,370,231,294,291,229,304
AT_SIM_00562,211,37,640,61,61,23,102,187
AT_SIM_00563,76,33,2,12,6,60,31,38
AT_SIM_00564,1797,1898,76,8,117,88,544,208
AT_SIM_00565,765,631,749,255,517,240,210,331
AT_SIM_00566,99,134,107,89,53,169,128,183
AT_SIM_00567,53,16,40,29,9,18,31,24
AT_SIM_00568,238,1047,476,299,385,142,563,427
AT_SIM_00569,203,328,172,188,348,98,188,251
AT_SIM_00570,8,6,10,12,4,4,3,4
AT_SIM_00571,173,120,96,133,150,225,87,181
AT_SIM_00572,188,126,217,66,386,72,222,187
AT_SIM_00573,23,21,27,20,19,15,11,28
AT_SIM_00574,116,488,88,304,103,118,330,96
AT_SIM_00575,11,1,10,6,4,2,7,12
AT_SIM_00576,2459,3293,243,2466,804,597,3685,508
AT_SIM_00577,1616,3080,2063,1322,1078,1564,2428,2257
AT_SIM_00578,59,95,133,64,91,93,114,50
AT_SIM_00579,153,278,133,123,358,244,76,165
AT_SIM_00580,1,0,8,2,1,0,2,0
AT_SIM_00581,10,12,16,18,10,16,13,5
AT_SIM_00582,52,73,95,89,104,39,57,132
AT_SIM_00583,14,3,7,6,3,16,14,22
AT_SIM_00584,379,725,779,369,467,513,450,421
AT_SIM_00585,10077,17160,2036,14776,15592,6559,4108,11700
AT_SIM_00586,12,12,13,13,19,19,16,13
AT_SIM_00587,21,16,23,21,12,1,11,6
AT_SIM_00588,298,342,238,149,258,311,180,267
AT_SIM_00589,4153,2164,3239,1825,1838,1233,909,1151
AT_SIM_00590,16,11,14,13,16,4,9,16
AT_SIM_00591,144,333,632,108,472,282,140,286
AT_SIM_00592,8206,9950,9816,6372,9018,7601,2467,4284
AT_SIM_00593,13,5,3,1,5,11,6,10
AT_SIM_00594,3,22,6,41,9,6,4,7
AT_SIM_00595,35,19,25,49,23,81,9,86
AT_SIM_00596,38,70,78,49,25,45,49,16
AT_SIM_00597,1237,824,491,620,486,133,821,1146
AT_SIM_00598,370,151,190,151,293,409,241,452
AT_SIM_00599,4,6,8,4,2,3,1,3
AT_SIM_00600,271,355,261,580,526,334,449,251
AT_SIM_00601,138,27,24,50,26,51,17,24
AT_SIM_00602,2826,717,2784,646,233,2761,6850,1889
AT_SIM_00603,24,38,48,22,62,31,19,52
AT_SIM_00604,27,16,104,27,26,18,54,21
AT_SIM_00605,494,532,356,370,548,328,356,651
AT_SIM_00606,616,666,819,906,4261,2689,1147,3698
AT_SIM_00607,427,512,168,264,89,161,152,255
AT_SIM_00608,13,3,1,3,4,3,1,5
AT_SIM_00609,312,531,392,442,388,303,217,368
AT_SIM_00610,15,1,10,7,26,4,13,9
AT_SIM_00611,122,613,168,313,307,145,105,54
AT_SIM_00612,2,3,7,7,11,11,7,29
AT_SIM_00613,442,714,727,195,497,295,183,591
AT_SIM_00614,30,42,22,47,51,40,32,32
AT_SIM_00615,11,21,6,22,18,9,12,17
AT_SIM_00616,319,439,793,523,1297,1917,593,198
AT_SIM_00617,237,124,712,226,111,242,108,61
AT_SIM_00618,17,28,34,74,39,31,46,40
AT_SIM_00619,1887,2142,2318,3558,1606,1604,591,1743
AT_SIM_00620,61,106,23,105,33,103,46,56
AT_SIM_00621,54,252,20,71,186,196,208,70
AT_SIM_00622,130,268,194,283,138,103,282,407
AT_SIM_00623,11,19,44,6,37,49,63,7
AT_SIM_00624,358,663,265,395,143,282,290,265
AT_SIM_00625,59,75,52,36,48,54,51,31
AT_SIM_00626,35,73,88,58,2,14,6,6
AT_SIM_00627,1458,3660,1563,3260,587,2624,2324,1384
AT_SIM_00628,5,12,6,7,19,6,21,27
AT_SIM_00629,2,2,1,2,0,0,1,1
AT_SIM_00630,3099,2974,3318,1816,3420,6284,1835,5293
AT_SIM_00631,16502,12897,21999,42257,3951,7062,13918,5295
AT_SIM_00632,48,54,54,45,79,89,40,53
AT_SIM_00633,4,3,8,7,2,6,3,1
AT_SIM_00634,61,116,83,125,95,58,67,65
AT_SIM_00635,31,75,78,46,147,119,45,61
AT_SIM_00636,28,121,71,122,158,128,23,160
AT_SIM_00637,28,37,4,18,18,15,6,20
AT_SIM_00638,74,782,282,51,1459,428,450,244
AT_SIM_00639,528,589,475,288,408,558,406,387
AT_SIM_00640,0,9,6,4,6,5,2,7
AT_SIM_00641,822,256,233,447,539,314,470,51
AT_SIM_00642,6746,12375,2611,12462,4072,3843,1426,7435
AT_SIM_00643,115,239,127,201,163,265,127,265
AT_SIM_00644,33,156,35,57,61,33,130,40
AT_SIM_00645,30,284,155,190,41,109,21,119
AT_SIM_00646,227,504,366,763,859,630,91,277
AT_SIM_00647,6,4,1,17,0,1,9,2
AT_SIM_00648,133,368,157,242,90,227,250,96
AT_SIM_00649,194,89,39,80,38,15,30,64
AT_SIM_00650,4175,4153,1545,7323,1674,13781,5358,4605
AT_SIM_00651,109,314,108,88,42,197,10,53
AT_SIM_00652,3603,3398,2590,3687,2958,1244,5937,4112
AT_SIM_00653,20,24,2,8,13,21,15,25
AT_SIM_00654,307,709,362,404,365,570,365,241
AT_SIM_00655,178,175,402,518,93,526,189,82
AT_SIM_00656,19,23,24,20,39,10,12,11
AT_SIM_00657,247,496,129,234,208,108,187,137
AT_SIM_00658,530,2062,1319,1778,2241,1198,504,1583
AT_SIM_00659,59,48,42,46,105,59,77,18
AT_SIM_00660,3,2,4,6,5,4,2,1
AT_SIM_00661,118,121,34,275,141,258,58,57
AT_SIM_00662,44,23,25,15,12,44,4,23
AT_SIM_00663,81,127,75,74,164,186,151,187
AT_SIM_00664,77,64,121,76,33,170,53,134
AT_SIM_00665,4,11,8,2,9,0,2,2
AT_SIM_00666,2,9,3,5,8,13,5,7
AT_SIM_00667,753,477,441,87,462,1344,2137,1735
AT_SIM_00668,43,44,75,33,46,44,21,83
AT_SIM_00669,4,5,4,0,1,0,1,1
AT_SIM_00670,1596,996,550,598,688,484,579,482
AT_SIM_00671,246,329,234,199,266,218,195,202
AT_SIM_00672,26,49,44,44,40,18,10,38
AT_SIM_00673,2,14,9,9,11,5,13,3
AT_SIM_00674,641,523,1701,693,781,1069,612,583
AT_SIM_00675,197,394,124,704,350,62,159,244
AT_SIM_00676,35672,9165,21608,9027,10439,14403,7251,10730
AT_SIM_00677,138,422,201,488,293,162,176,633
AT_SIM_00678,298,351,362,135,250,430,113,376
AT_SIM_00679,112,112,61,73,68,47,101,160
AT_SIM_00680,771,938,674,501,400,657,391,710
AT_SIM_00681,368,841,367,337,624,434,549,296
AT_SIM_00682,2359,958,782,1781,982,1018,1413,869
AT_SIM_00683,45,31,53,43,50,23,41,60
AT_SIM_00684,92,68,58,45,65,26,27,76
AT_SIM_00685,143,21,32,102,16,8,35,163
AT_SIM_00686,743,802,1276,351,5072,3810,842,5256
AT_SIM_00687,2859,2807,2879,347,3282,2940,3236,1402
AT_SIM_00688,62,67,39,45,77,64,64,77
AT_SIM_00689,107,29,80,53,51,43,24,91
AT_SIM_00690,265,339,177,118,464,1045,770,918
AT_SIM_00691,53,113,37,53,52,88,27,153
AT_SIM_00692,890,860,893,1693,1351,905,494,1198
AT_SIM_00693,1,1,0,5,0,0,2,1
AT_SIM_00694,21,41,32,36,45,21,45,20
AT_SIM_00695,34,23,15,31,38,28,40,30
AT_SIM_00696,3,2,2,1,2,2,1,0
AT_SIM_00697,17,21,9,29,17,15,46,17
AT_SIM_00698,22,58,40,35,15,51,17,3
AT_SIM_00699,96,122,89,134,110,60,92,95
AT_SIM_00700,1147,813,1698,1491,1528,1589,1287,1274
AT_SIM_00701,165,80,173,172,85,47,99,123
AT_SIM_00702,9,13,17,19,26,31,13,9
AT_SIM_00703,74,48,27,59,96,384,390,563
AT_SIM_00704,920,1181,437,732,2092,781,1058,244
AT_SIM_00705,26,36,39,6,13,6,8,31
AT_SIM_00706,10,62,4,11,8,9,34,12
AT_SIM_00707,507,1012,506,1069,158,676,317,287
AT_SIM_00708,2,84,83,11,67,8,122,7
AT_SIM_00709,728,1092,378,350,471,526,644,428
AT_SIM_00710,154,234,131,79,103,68,148,183
AT_SIM_00711,790,1030,423,393,245,656,396,234
AT_SIM_00712,28,21,17,28,24,11,2,18
AT_SIM_00713,108,152,104,48,306,2107,134,356
AT_SIM_00714,72,40,88,39,150,102,89,171
AT_SIM_00715,25,16,17,3,36,33,13,11
AT_SIM_00716,3,5,4,5,11,9,10,11
AT_SIM_00717,977,690,290,361,845,649,701,440
AT_SIM_00718,99,89,73,63,76,39,44,80
AT_SIM_00719,21,12,23,34,8,3,1,6
AT_SIM_00720,218,81,14,23,170,136,277,202
AT_SIM_00721,180,1786,814,1526,1112,2294,882,1134
AT_SIM_00722,1,1,2,0,2,4,1,2
AT_SIM_00723,5,2,9,11,3,8,1,2
AT_SIM_00724,21,10,53,37,5,2,5,5
AT_SIM_00725,2668,1814,1584,2988,1895,326,852,824
AT_SIM_00726,353,303,453,419,269,143,110,83
AT_SIM_00727,476,1180,1517,233,106,527,163,797
AT_SIM_00728,13,13,19,11,13,6,25,12
AT_SIM_00729,1,7,10,6,0,6,26,5
AT_SIM_00730,209,639,266,268,241,438,214,328
AT_SIM_00731,174,126,127,183,40,30,29,38
AT_SIM_00732,109,840,370,914,132,103,358,168
AT_SIM_00733,83,83,50,60,65,44,131,135
AT_SIM_00734,173,154,95,385,180,174,168,582
AT_SIM_00735,121,207,83,325,288,224,115,90
AT_SIM_00736,503,1257,306,910,137,406,788,811
AT_SIM_00737,986,330,946,614,165,147,108,177
AT_SIM_00738,7,9,15,3,7,4,4,4
AT_SIM_00739,2,0,2,1,3,1,4,4
AT_SIM_00740,1490,618,380,416,580,1927,756,479
AT_SIM_00741,2123,582,928,740,898,1412,1896,805
AT_SIM_00742,15,35,15,2,12,5,13,25
AT_SIM_00743,2,1,1,3,7,6,4,1
AT_SIM_00744,330,246,256,49,327,354,259,84
AT_SIM_00745,958,663,828,1670,1040,985,698,2465
AT_SIM_00746,4871,2832,4769,1841,2785,6807,6230,3920
AT_SIM_00747,439,478,564,233,486,866,451,264
AT_SIM_00748,240,143,17,50,69,84,79,37
AT_SIM_00749,19,33,13,27,18,11,18,33
AT_SIM_00750,25,98,258,75,39,29,93,162
AT_SIM_00751,193,84,54,108,103,81,165,15
AT_SIM_00752,21,42,27,27,11,22,12,19
AT_SIM_00753,8330,5956,5355,8732,2017,1712,1954,827
AT_SIM_00754,4428,3015,4274,5215,5538,5713,4772,5626
AT_SIM_00755,1406,1711,1287,1088,2085,489,926,1285
AT_SIM_00756,20,4,20,9,32,6,28,19
AT_SIM_00757,892,881,681,733,1198,760,617,885
AT_SIM_00758,966,263,242,266,9,1029,705,255
AT_SIM_00759,512,1381,267,381,182,125,169,168
AT_SIM_00760,2278,508,381,3179,3249,846,873,1754
AT_SIM_00761,411,665,81,668,609,111,866,484
AT_SIM_00762,524,259,669,663,916,821,871,511
AT_SIM_00763,402,351,675,176,310,735,545,213
AT_SIM_00764,236,275,469,300,160,175,198,517
AT_SIM_00765,0,5,9,6,10,2,2,1
AT_SIM_00766,40,142,10,61,120,67,196,118
AT_SIM_00767,50,73,45,49,33,30,59,47
AT_SIM_00768,14,9,16,3,29,22,8,10
AT_SIM_00769,459,4199,4774,2029,4265,2125,2552,8398
AT_SIM_00770,11015,4095,5735,5609,7458,8656,7025,1662
AT_SIM_00771,1865,2858,1771,1106,1957,3307,1349,2556
AT_SIM_00772,362,103,291,120,101,92,275,164
AT_SIM_00773,1955,4790,2565,2242,3953,832,1563,2023
AT_SIM_00774,177,244,115,171,175,109,160,126
AT_SIM_00775,308,126,99,240,385,274,31,324
AT_SIM_00776,11,19,15,18,16,25,13,23
AT_SIM_00777,239,58,269,573,195,179,338,219
AT_SIM_00778,34,325,44,64,137,162,46,184
AT_SIM_00779,10,11,16,7,75,34,51,17
AT_SIM_00780,43,46,177,214,93,10,121,155
AT_SIM_00781,118,41,219,33,103,98,163,107
AT_SIM_00782,8957,7263,3545,5112,1146,825,1026,1305
AT_SIM_00783,24,1627,2006,19,79,57,280,1
AT_SIM_00784,147,284,145,137,269,79,215,154
AT_SIM_00785,28,163,917,137,188,630,352,135
AT_SIM_00786,194,295,201,128,15,46,11,32
AT_SIM_00787,125,215,61,132,86,31,82,89
AT_SIM_00788,54,4,21,3,22,19,21,31
AT_SIM_00789,30,242,39,99,39,121,77,83
AT_SIM_00790,21,5,116,36,5,5,35,13
AT_SIM_00791,13,10,12,12,7,13,13,19
AT_SIM_00792,286,255,510,783,529,108,357,315
AT_SIM_00793,240,178,272,163,202,179,139,274
AT_SIM_00794,7,0,0,6,5,3,0,2
AT_SIM_00795,10,262,145,82,65,156,46,13
AT_SIM_00796,2660,1318,909,676,148,578,263,339
AT_SIM_00797,1632,1294,1825,819,1903,658,940,798
AT_SIM_00798,509,452,1146,958,183,210,271,157
AT_SIM_00799,253,100,64,122,215,245,114,193
AT_SIM_00800,44,9,15,43,14,39,6,20
AT_SIM_00801,11,19,8,6,16,19,34,10
AT_SIM_00802,427,543,371,104,257,115,177,198
AT_SIM_00803,256,435,212,323,344,203,319,309
AT_SIM_00804,872,3360,823,1036,3608,323,327,414
AT_SIM_00805,1107,902,853,3697,1000,1177,1607,843
AT_SIM_00806,123,127,166,36,77,92,45,105
AT_SIM_00807,7,11,6,4,1,3,5,13
AT_SIM_00808,43,25,82,43,206,69,38,12
AT_SIM_00809,195,393,214,240,212,235,148,180
AT_SIM_00810,84,104,78,59,78,157,63,127
AT_SIM_00811,25,8,40,109,19,21,13,45
AT_SIM_00812,213,215,246,138,210,175,188,214
AT_SIM_00813,6,61,2,20,5,58,45,26
AT_SIM_00814,59,57,48,34,129,167,50,284
AT_SIM_00815,234,209,238,247,232,165,160,236
AT_SIM_00816,7,40,77,11,48,10,77,69
AT_SIM_00817,492,613,127,150,163,210,92,198
AT_SIM_00818,74,343,129,285,287,213,102,449
AT_SIM_00819,8,30,18,17,37,19,8,11
AT_SIM_00820,52,118,37,61,71,41,32,66
AT_SIM_00821,6153,5245,2513,61,1431,140,286,2419
AT_SIM_00822,17,6,20,8,3,15,7,9
AT_SIM_00823,0,0,3,0,4,1,1,2
AT_SIM_00824,0,3,0,0,1,4,1,3
AT_SIM_00825,108,250,125,126,148,146,132,226
AT_SIM_00826,265,177,209,123,485,985,339,521
AT_SIM_00827,75,89,192,108,166,223,94,41
AT_SIM_00828,517,1356,1302,754,575,987,2388,1104
AT_SIM_00829,2,1,1,3,0,2,0,3
AT_SIM_00830,469,33,187,17,59,400,670,47
AT_SIM_00831,5726,9717,1114,4627,1701,1649,4565,2565
AT_SIM_00832,8,23,11,16,10,30,14,13
AT_SIM_00833,88,72,76,96,136,58,7,28
AT_SIM_00834,49,47,46,42,13,17,21,21
AT_SIM_00835,30,11,18,25,9,46,52,10
AT_SIM_00836,67,28,55,151,86,68,87,59
AT_SIM_00837,1146,5585,4983,1862,3487,268,93,1687
AT_SIM_00838,4387,8117,7567,3509,4062,3030,7334,7084
AT_SIM_00839,109,89,42,72,110,125,48,67
AT_SIM_00840,6463,4298,8871,3180,2443,1588,2218,1482
AT_SIM_00841,135,458,186,69,73,201,167,175
AT_SIM_00842,3336,6996,6398,5085,17294,19705,18287,15728
AT_SIM_00843,116,219,138,100,154,116,79,65
AT_SIM_00844,219,112,201,100,139,162,136,197
AT_SIM_00845,342,279,341,133,648,410,1216,619
AT_SIM_00846,52888,38014,126179,69349,20495,73719,36074,77607
AT_SIM_00847,591,812,566,813,1713,1027,722,1059
AT_SIM_00848,8,93,9,12,3,12,30,56
AT_SIM_00849,251,1709,1036,699,936,963,822,1764
AT_SIM_00850,72,154,81,60,106,75,43,50
AT_SIM_00851,62,58,80,19,153,27,44,25
AT_SIM_00852,950,1245,759,223,751,865,454,1137
AT_SIM_00853,43,158,36,380,62,33,223,189
AT_SIM_00854,156,202,399,282,193,30,38,382
AT_SIM_00855,247,200,46,45,519,62,21,117
AT_SIM_00856,360,556,141,119,239,318,459,679
AT_SIM_00857,98,318,438,273,57,54,168,26
AT_SIM_00858,1,8,0,8,1,0,0,0
AT_SIM_00859,818,434,630,777,329,95,232,148
AT_SIM_00860,19,19,15,22,20,22,13,31
AT_SIM_00861,0,11,19,9,3,12,9,1
AT_SIM_00862,220,201,62,213,94,121,96,75
AT_SIM_00863,114,119,375,241,146,168,128,184
AT_SIM_00864,31,29,15,15,49,34,63,14
AT_SIM_00865,558,1550,874,234,904,1352,410,671
AT_SIM_00866,7,5,14,2,11,2,4,8
AT_SIM_00867,27,44,23,35,75,119,22,7
AT_SIM_00868,29,20,67,79,8,4,5,10
AT_SIM_00869,79,186,117,151,49,166,181,98
AT_SIM_00870,192,267,193,148,192,669,229,166
AT_SIM_00871,18,52,19,49,22,16,4,11
AT_SIM_00872,477,462,343,649,1084,794,195,211
AT_SIM_00873,183,108,245,170,178,142,135,97
AT_SIM_00874,1,2,1,7,11,5,1,2
AT_SIM_00875,7,1,6,4,4,2,1,1
AT_SIM_00876,81,70,35,81,31,81,281,100
AT_SIM_00877,8,203,66,263,54,99,52,80
AT_SIM_00878,89,171,66,79,146,161,83,81
AT_SIM_00879,226,60,223,306,74,118,102,298
AT_SIM_00880,285,264,311,65,1159,408,382,785
AT_SIM_00881,417,1873,694,1096,678,1740,1289,1149
AT_SIM_00882,29,22,5,21,1,15,19,26
AT_SIM_00883,7,11,10,21,6,11,2,8
AT_SIM_00884,5,23,15,17,21,19,6,13
AT_SIM_00885,191,346,386,278,314,202,302,443
AT_SIM_00886,2147,2898,4681,1072,7370,1675,737,447
AT_SIM_00887,90,92,27,75,55,44,36,26
AT_SIM_00888,1,0,0,0,3,1,3,2
AT_SIM_00889,3,10,3,5,4,11,3,0
AT_SIM_00890,41,22,15,15,33,31,33,21
AT_SIM_00891,82,38,43,31,6,2,4,17
AT_SIM_00892,50,126,86,98,73,94,32,83
AT_SIM_00893,105,123,117,80,208,114,82,335
AT_SIM_00894,84,102,68,76,74,92,76,70
AT_SIM_00895,2340,1524,1223,1566,989,2785,1307,1617
AT_SIM_00896,18,61,47,11,48,5,25,14
AT_SIM_00897,39,20,7,21,14,35,14,23
AT_SIM_00898,240,371,354,428,168,224,174,172
AT_SIM_00899,11,20,12,2,0,3,5,5
AT_SIM_00900,215,313,466,396,88,235,467,85
AT_SIM_00901,41,182,1,160,304,163,109,41
AT_SIM_00902,85,267,39,76,114,102,14,15
AT_SIM_00903,6831,4650,3275,5237,3049,2979,2531,3040
AT_SIM_00904,55,30,18,53,28,16,14,115
AT_SIM_00905,41711,14253,4216,12023,1456,5482,8507,6981
AT_SIM_00906,202,66,147,17,26,119,144,168
AT_SIM_00907,20,20,8,10,20,16,15,12
AT_SIM_00908,278,415,458,227,259,173,117,229
AT_SIM_00909,0,13,22,9,12,20,15,3
AT_SIM_00910,25,8,13,13,76,37,21,54
AT_SIM_00911,375,425,419,139,326,473,193,440
AT_SIM_00912,375,790,381,467,240,81,139,178
AT_SIM_00913,90,57,41,40,105,30,59,19
AT_SIM_00914,471,416,1602,1019,2662,5874,3696,4090
AT_SIM_00915,1471,1249,419,1632,1432,1786,433,1606
AT_SIM_00916,1690,5749,4982,238,1422,5855,1508,455
AT_SIM_00917,381,162,142,155,231,341,189,543
AT_SIM_00918,1449,1841,1895,2662,2138,1468,989,933
AT_SIM_00919,8,2,3,2,2,0,2,9
AT_SIM_00920,69,98,55,133,58,60,63,86
AT_SIM_00921,34,31,16,13,32,37,24,35
AT_SIM_00922,220,215,189,149,28,27,15,28
AT_SIM_00923,47,86,36,48,59,47,31,33
AT_SIM_00924,181,168,36,86,19,52,144,68
AT_SIM_00925,4251,8125,2645,11520,2599,16802,27567,16810
AT_SIM_00926,60,159,163,103,103,40,83,173
AT_SIM_00927,597,1225,315,166,444,83,249,388
AT_SIM_00928,68,143,87,41,70,99,72,91
AT_SIM_00929,161,372,106,227,121,133,173,199
AT_SIM_00930,123,125,76,267,93,152,256,320
AT_SIM_00931,760,344,332,163,760,294,190,332
AT_SIM_00932,1913,2943,2289,621,3193,966,837,1625
AT_SIM_00933,5011,9442,652,2531,1578,3627,5527,4858
AT_SIM_00934,370,100,332,214,350,472,152,75
AT_SIM_00935,814,549,369,507,277,235,356,507
AT_SIM_00936,16,11,12,10,38,59,68,39
AT_SIM_00937,164,145,84,191,145,120,72,139
AT_SIM_00938,849,1214,1097,896,1184,752,782,589
AT_SIM_00939,1110,923,455,597,908,761,585,1352
AT_SIM_00940,555,257,199,369,182,176,142,206
AT_SIM_00941,457,1189,897,631,1132,1526,275,540
AT_SIM_00942,29,1187,47,545,819,664,166,97
AT_SIM_00943,1428,1601,1495,859,345,333,456,301
AT_SIM_00944,267,333,199,254,273,169,157,231
AT_SIM_00945,8,22,123,1,3,140,50,23
AT_SIM_00946,250,525,262,223,262,272,249,323
AT_SIM_00947,0,3,0,2,1,0,2,0
AT_SIM_00948,93,503,270,213,386,297,209,299
AT_SIM_00949,1,1,1,1,0,3,0,1
AT_SIM_00950,4,5,3,2,7,3,5,8
AT_SIM_00951,356,445,398,167,325,198,235,621
AT_SIM_00952,280,233,614,248,304,28,226,469
AT_SIM_00953,10,12,18,9,22,16,25,10
AT_SIM_00954,48,23,58,46,42,79,33,20
AT_SIM_00955,4254,1264,3745,1595,2337,1407,3382,1426
AT_SIM_00956,0,70,38,23,80,117,38,41
AT_SIM_00957,8543,25669,6795,10802,29857,11956,40172,60358
AT_SIM_00958,39,159,164,191,140,134,14,107
AT_SIM_00959,356,68,484,162,216,998,370,168
AT_SIM_00960,4797,2709,3629,6281,1969,1041,1488,3304
AT_SIM_00961,121,100,123,301,111,148,331,20
AT_SIM_00962,21,31,39,9,2,32,7,18
AT_SIM_00963,63,150,344,119,208,139,179,195
AT_SIM_00964,120,105,85,67,113,72,99,207
AT_SIM_00965,13,13,8,5,3,8,15,11
AT_SIM_00966,82,70,37,33,70,142,53,61
AT_SIM_00967,88,21,23,39,17,34,15,28
AT_SIM_00968,871,635,635,840,991,1367,1123,736
AT_SIM_00969,215,115,97,235,104,64,184,97
AT_SIM_00970,89,113,120,19,731,347,85,47
AT_SIM_00971,207,260,213,67,165,49,98,106
AT_SIM_00972,101,328,264,329,126,94,181,187
AT_SIM_00973,380,766,432,487,348,378,352,424
AT_SIM_00974,35,12,7,26,31,12,22,12
AT_SIM_00975,25,26,16,28,14,21,20,14
AT_SIM_00976,1289,1600,1490,735,461,311,463,799
AT_SIM_00977,77,18,73,61,34,37,48,37
AT_SIM_00978,6,8,4,8,4,3,5,1
AT_SIM_00979,267,634,217,291,350,281,591,940
AT_SIM_00980,224,166,275,216,240,203,208,93
AT_SIM_00981,13,7,11,5,8,8,2,4
AT_SIM_00982,277,202,249,218,192,222,113,216
AT_SIM_00983,439,549,758,641,549,709,570,751
AT_SIM_00984,251,333,133,212,114,348,96,502
AT_SIM_00985,1132,438,395,766,778,441,207,662
AT_SIM_00986,10,9,4,3,9,10,8,9
AT_SIM_00987,380,478,124,202,194,293,371,141
AT_SIM_00988,110,43,22,289,171,349,130,337
AT_SIM_00989,41,70,59,41,36,42,62,23
AT_SIM_00990,1199,637,1182,1355,691,1114,1072,1192
AT_SIM_00991,2296,2921,1502,2287,2735,6295,2638,2042
AT_SIM_00992,10367,290,4361,7344,205,2237,11344,4375
AT_SIM_00993,4103,2303,2446,1888,805,2287,1280,1864
AT_SIM_00994,168,127,187,125,36,13,16,29
AT_SIM_00995,968,156,158,238,257,78,599,97
AT_SIM_00996,229,776,749,1087,440,45,155,646
AT_SIM_00997,152,383,260,242,185,321,192,46
AT_SIM_00998,70,338,284,304,146,252,88,52
AT_SIM_00999,1482,417,98,618,1481,3975,3212,5975
AT_SIM_01000,150,171,41,125,86,64,119,99
AT_SIM_01001,40,57,40,44,27,31,22,32
AT_SIM_01002,42,60,56,46,65,71,43,42
AT_SIM_01003,838,220,311,508,346,318,490,381
AT_SIM_01004,154,209,103,85,131,134,145,216
AT_SIM_01005,359,399,247,336,230,306,178,218
AT_SIM_01006,1110,464,676,450,941,2264,1688,520
AT_SIM_01007,37,88,64,87,100,59,61,81
AT_SIM_01008,24,455,976,264,509,521,152,621
AT_SIM_01009,474,325,137,175,231,381,255,361
AT_SIM_01010,7,17,9,8,16,30,12,7
AT_SIM_01011,2220,4345,2843,4662,2517,2326,1530,4231
AT_SIM_01012,37,41,50,67,25,29,48,74
AT_SIM_01013,6,13,13,5,5,2,6,1
AT_SIM_01014,20,10,7,25,9,14,24,10
AT_SIM_01015,22,4,21,15,83,5,4,14
AT_SIM_01016,116,317,41,42,175,455,246,212
AT_SIM_01017,26,48,156,79,78,41,93,64
AT_SIM_01018,83,143,36,22,141,52,44,120
AT_SIM_01019,137,378,198,119,110,68,41,13
AT_SIM_01020,149,301,220,122,304,420,204,83
AT_SIM_01021,139,606,86,206,217,442,215,276
AT_SIM_01022,251,328,143,142,215,293,106,295
AT_SIM_01023,244,775,525,385,509,278,151,557
AT_SIM_01024,3,5,1,2,1,2,1,3
AT_SIM_01025,63,76,164,40,65,38,26,76
AT_SIM_01026,1,0,1,2,4,8,4,8
AT_SIM_01027,149,183,223,180,164,98,165,114
AT_SIM_01028,131,195,124,141,125,142,120,136
AT_SIM_01029,638,1267,877,1541,793,675,711,1680
AT_SIM_01030,930,2678,158,814,1149,1167,1441,3873
AT_SIM_01031,119,275,303,306,36,81,51,33
AT_SIM_01032,5,65,21,62,30,7,26,53
AT_SIM_01033,439,212,195,398,301,370,211,192
AT_SIM_01034,32,58,10,113,82,54,25,109
AT_SIM_01035,177,233,62,25,134,201,78,161
AT_SIM_01036,623,1145,1444,735,1342,716,841,924
AT_SIM_01037,48,18,83,32,273,583,376,151
AT_SIM_01038,347,2109,664,1076,571,336,388,976
AT_SIM_01039,357,426,294,95,328,301,654,397
AT_SIM_01040,13,2,27,27,9,32,18,11
AT_SIM_01041,370,1064,658,888,280,521,382,348
AT_SIM_01042,375,410,605,411,608,513,268,271
AT_SIM_01043,217,186,215,168,202,203,147,145
AT_SIM_01044,33,26,10,5,71,27,15,18
AT_SIM_01045,34,55,24,19,20,48,18,22
AT_SIM_01046,12,49,70,50,25,94,15,64
AT_SIM_01047,513,646,470,358,294,282,121,482
AT_SIM_01048,52,33,22,9,19,3,10,31
AT_SIM_01049,548,467,253,455,447,241,394,322
AT_SIM_01050,10,9,15,11,13,16,3,9
AT_SIM_01051,86,95,122,125,55,38,79,91
AT_SIM_01052,255,385,169,133,161,35,263,41
AT_SIM_01053,12007,12672,20805,9649,14811,69961,20176,27015
AT_SIM_01054,11,1,15,5,14,8,15,9
AT_SIM_01055,670,4763,3930,1007,775,1777,2099,2313
AT_SIM_01056,44,123,128,122,71,210,85,104
AT_SIM_01057,341,354,477,579,277,347,167,342
AT_SIM_01058,167,96,108,19,333,103,182,218
AT_SIM_01059,434,363,537,374,285,349,756,549
AT_SIM_01060,75,174,20,41,201,28,152,46
AT_SIM_01061,1169,2291,1108,960,3748,1615,2221,1407
AT_SIM_01062,33,72,61,25,32,78,47,65
AT_SIM_01063,1357,1308,1265,1249,1291,1221,1187,1747
AT_SIM_01064,7,30,82,26,1,8,49,29
AT_SIM_01065,93,111,102,94,162,105,112,143
AT_SIM_01066,9,16,13,13,44,5,34,8
AT_SIM_01067,251,287,313,329,416,395,248,134
AT_SIM_01068,1320,1277,1969,2688,4571,2469,2609,1565
AT_SIM_01069,225,108,355,38,73,120,75,157
AT_SIM_01070,107,114,76,50,95,43,116,110
AT_SIM_01071,11,11,23,13,24,23,4,16
AT_SIM_01072,96,109,120,62,145,141,104,80
AT_SIM_01073,2,3,5,4,10,0,3,4
AT_SIM_01074,21,22,21,12,22,15,15,18
AT_SIM_01075,466,255,607,94,112,147,152,66
AT_SIM_01076,598,3882,1796,952,607,208,1021,3441
AT_SIM_01077,49908,44574,34579,18735,32070,36360,43702,28282
AT_SIM_01078,43,61,30,37,68,64,46,70
AT_SIM_01079,4530,2536,1517,1753,1264,1314,1553,1864
AT_SIM_01080,308,277,253,341,279,295,175,108
AT_SIM_01081,209,135,78,42,41,169,115,134
AT_SIM_01082,107,1706,289,264,179,125,542,760
AT_SIM_01083,55,391,142,93,104,222,50,107
AT_SIM_01084,315,154,137,218,219,191,166,286
AT_SIM_01085,168,22,46,19,2,26,122,129
AT_SIM_01086,5,7,4,11,1,6,6,16
AT_SIM_01087,5,6,8,4,7,9,7,13
AT_SIM_01088,356,722,369,386,554,1371,623,169
AT_SIM_01089,56,76,64,61,123,56,75,75
AT_SIM_01090,39,44,19,25,9,12,4,10
AT_SIM_01091,139,143,131,191,133,156,144,143
AT_SIM_01092,427,508,800,828,94,109,399,771
AT_SIM_01093,231,101,112,390,1319,754,722,581
AT_SIM_01094,30,64,28,17,36,5,20,14
AT_SIM_01095,2196,2317,2414,907,1337,2362,1824,2577
AT_SIM_01096,3483,3383,3049,967,5233,2426,5862,2107
AT_SIM_01097,494,567,346,383,363,683,377,272
AT_SIM_01098,763,638,975,1117,4400,1821,1326,3436
AT_SIM_01099,3093,2879,679,1373,2192,1139,1228,637
AT_SIM_01100,1197,2509,108,1136,4150,4311,2243,510
AT_SIM_01101,649,54,301,72,348,207,320,982
AT_SIM_01102,81,481,3,1161,525,310,206,279
AT_SIM_01103,569,296,368,241,470,381,201,465
AT_SIM_01104,22,18,20,13,7,23,16,11
AT_SIM_01105,539,408,427,434,734,1064,289,282
AT_SIM_01106,1,6,12,17,10,6,13,5
AT_SIM_01107,30,30,32,34,18,27,25,24
AT_SIM_01108,1313,3500,1049,1315,3167,1077,3734,6716
AT_SIM_01109,839,873,240,454,1077,552,352,774
AT_SIM_01110,2594,2602,1180,3643,1361,3927,1880,382
AT_SIM_01111,58,87,60,43,93,32,95,66
AT_SIM_01112,13,13,20,10,7,21,11,10
AT_SIM_01113,43,124,109,29,32,82,32,100
AT_SIM_01114,56,161,139,83,369,205,57,838
AT_SIM_01115,280,100,155,68,257,92,187,118
AT_SIM_01116,1976,2229,1713,1365,723,1049,1131,1316
AT_SIM_01117,78,24,125,74,13,78,168,18
AT_SIM_01118,175,337,304,119,178,500,560,125
AT_SIM_01119,21,16,14,16,36,5,10,10
AT_SIM_01120,533,345,387,201,332,319,309,314
AT_SIM_01121,281,644,66,191,253,140,465,55
AT_SIM_01122,20,26,28,25,48,18,28,6
AT_SIM_01123,69,188,87,57,84,92,60,49
AT_SIM_01124,58,234,156,116,107,70,122,189
AT_SIM_01125,36,50,109,55,103,123,26,76
AT_SIM_01126,4908,2141,3797,12130,7593,547,5687,3156
AT_SIM_01127,75,86,101,82,184,42,119,59
AT_SIM_01128,229,96,115,181,141,102,26,155
AT_SIM_01129,1,2,1,6,2,1,2,1
AT_SIM_01130,20,41,10,56,23,11,30,10
AT_SIM_01131,105,149,108,49,89,113,54,141
AT_SIM_01132,25,36,21,12,15,25,67,17
AT_SIM_01133,1094,1838,662,2021,2510,4294,2408,1245
AT_SIM_01134,71,112,90,138,90,93,96,101
AT_SIM_01135,1691,1870,1764,2364,1595,2212,1131,1266
AT_SIM_01136,307,222,137,145,148,147,139,116
AT_SIM_01137,156,297,142,194,53,177,191,77
AT_SIM_01138,171,163,186,143,35,118,173,110
AT_SIM_01139,148,39,188,158,195,89,185,242
AT_SIM_01140,4925,4569,5536,4788,3220,5689,1566,4308
AT_SIM_01141,0,0,0,0,0,0,0,0
AT_SIM_01142,1,5,3,4,0,1,1,2
AT_SIM_01143,45,34,29,34,57,44,45,54
AT_SIM_01144,68,216,237,128,238,76,111,108
AT_SIM_01145,319,1379,546,392,202,394,478,632
AT_SIM_01146,314,121,603,46,90,231,27,62
AT_SIM_01147,78,36,33,60,145,75,31,42
AT_SIM_01148,290,1022,863,1799,157,259,171,270
AT_SIM_01149,728,1169,849,944,1178,1039,801,887
AT_SIM_01150,147,512,122,184,258,248,30,60
AT_SIM_01151,735,501,938,981,1093,1082,796,712
AT_SIM_01152,301,201,363,174,69,164,310,171
AT_SIM_01153,70,59,50,37,38,34,49,41
AT_SIM_01154,324,985,742,998,495,506,286,662
AT_SIM_01155,137,237,182,188,18,228,131,176
AT_SIM_01156,222,201,214,47,78,92,69,50
AT_SIM_01157,1603,930,3568,10,4240,13571,13413,960
AT_SIM_01158,0,1,1,1,0,1,0,0
AT_SIM_01159,11,9,5,10,3,1,5,7
AT_SIM_01160,29,13,5,19,8,13,23,14
AT_SIM_01161,31,128,37,19,46,74,28,78
AT_SIM_01162,113,94,83,86,64,62,94,79
AT_SIM_01163,6,18,8,8,23,31,23,10
AT_SIM_01164,16,8,8,32,11,4,4,6
AT_SIM_01165,29,19,12,23,37,28,31,26
AT_SIM_01166,20259,24913,26388,12523,21163,29653,18546,9323
AT_SIM_01167,13969,3466,4362,5653,735,7094,6869,3682
AT_SIM_01168,54,79,96,31,76,27,30,11
AT_SIM_01169,45,103,59,49,46,49,103,76
AT_SIM_01170,3,39,9,13,11,27,10,23
AT_SIM_01171,4,3,3,4,3,2,0,3
AT_SIM_01172,79,65,74,89,190,80,109,115
AT_SIM_01173,14,31,40,19,27,13,12,22
AT_SIM_01174,105,158,91,123,133,139,114,110
AT_SIM_01175,15,8,4,3,7,3,7,1
AT_SIM_01176,19,34,49,33,41,35,24,50
AT_SIM_01177,124,286,152,248,245,146,159,127
AT_SIM_01178,336,370,159,266,219,317,228,169
AT_SIM_01179,362,132,195,781,314,730,119,259
AT_SIM_01180,19,6,7,7,9,10,12,12
AT_SIM_01181,347,693,1520,522,1301,729,444,369
AT_SIM_01182,55,48,24,0,25,7,46,23
AT_SIM_01183,468,735,331,286,759,392,690,237
AT_SIM_01184,244,79,271,85,201,218,226,82
AT_SIM_01185,6,22,3,3,2,17,6,7
AT_SIM_01186,74,56,86,101,45,73,54,74
AT_SIM_01187,233,362,638,499,173,237,128,182
AT_SIM_01188,419,646,563,453,223,202,160,181
AT_SIM_01189,113,158,87,102,74,220,113,101
AT_SIM_01190,1712,4062,1472,2333,2169,1555,6211,3779
AT_SIM_01191,2081,703,1588,1998,777,957,582,944
AT_SIM_01192,75,107,191,175,95,47,33,33
AT_SIM_01193,515,419,286,1019,582,638,296,290
AT_SIM_01194,7211,4611,4363,6638,3975,4773,4062,5307
AT_SIM_01195,14002,11321,5850,10587,4161,9568,5866,6590
AT_SIM_01196,32,19,20,7,8,9,1,16
AT_SIM_01197,14,5,9,20,39,71,10,31
AT_SIM_01198,3779,1817,3729,2396,1229,1725,2041,5587
AT_SIM_01199,22,11,12,9,9,13,21,5
AT_SIM_01200,3,9,37,6,3,2,5,12
AT_SIM_01201,111,160,19,51,26,67,92,60
AT_SIM_01202,243,283,362,603,95,65,219,173
AT_SIM_01203,116,126,123,128,134,85,68,116
AT_SIM_01204,34,40,48,23,60,42,34,27
AT_SIM_01205,71,62,15,19,32,49,15,78
AT_SIM_01206,35,35,50,16,27,26,40,15
AT_SIM_01207,18,24,51,20,49,37,7,28
AT_SIM_01208,24136,7743,12204,7650,2021,16807,6197,6276
AT_SIM_01209,24,214,73,321,182,163,66,140
AT_SIM_01210,131,1515,939,517,218,700,21,318
AT_SIM_01211,54,85,96,37,54,122,38,44
AT_SIM_01212,128,83,100,104,478,692,661,629
AT_SIM_01213,27,51,40,23,42,36,21,24
AT_SIM_01214,2,1,1,1,0,2,0,2
AT_SIM_01215,12,6,3,20,9,15,5,15
AT_SIM_01216,5,3,6,0,5,1,0,1
AT_SIM_01217,3,0,1,1,0,1,2,3
AT_SIM_01218,19,6,12,18,10,10,9,11
AT_SIM_01219,1602,1841,2764,981,772,2105,1093,1565
AT_SIM_01220,32,201,9,0,100,145,307,248
AT_SIM_01221,2925,2633,2287,2586,4587,2527,6282,5123
AT_SIM_01222,845,378,120,156,698,273,162,297
AT_SIM_01223,688,234,192,218,515,365,828,1119
AT_SIM_01224,13,27,14,17,14,26,10,26
AT_SIM_01225,297,229,258,146,1147,657,1907,1569
AT_SIM_01226,244,706,304,555,702,1512,341,233
AT_SIM_01227,34,32,57,39,125,309,132,165
AT_SIM_01228,450,322,76,416,662,507,415,420
AT_SIM_01229,376,216,82,69,69,308,85,386
AT_SIM_01230,57,28,56,51,36,52,67,76
AT_SIM_01231,34,3,6,10,22,12,14,11
AT_SIM_01232,13,5,14,6,14,7,19,37
AT_SIM_01233,161,111,271,93,210,83,84,57
AT_SIM_01234,177,257,69,54,205,263,87,250
AT_SIM_01235,31,53,25,17,22,19,5,33
AT_SIM_01236,199,113,216,148,104,119,114,134
AT_SIM_01237,123,349,443,711,325,261,224,191
AT_SIM_01238,371,616,364,395,516,445,409,379
AT_SIM_01239,4722,3624,3997,3082,2186,3502,1911,2073
AT_SIM_01240,2218,1829,1479,958,1833,2870,1938,1192
AT_SIM_01241,19,35,18,16,10,24,17,17
AT_SIM_01242,4357,4830,6194,4103,4110,3069,3242,2547
AT_SIM_01243,5,41,9,68,37,78,100,87
AT_SIM_01244,1805,1603,1073,1659,632,539,331,2629
AT_SIM_01245,102,96,58,205,38,99,367,39
AT_SIM_01246,43,103,87,50,41,116,46,33
AT_SIM_01247,6,11,1,1,5,1,1,5
AT_SIM_01248,96,92,79,124,59,78,166,21
AT_SIM_01249,5,13,10,3,3,0,3,0
AT_SIM_01250,364,1744,555,162,145,339,710,1077
AT_SIM_01251,2310,3483,4007,1075,4230,5773,2562,3159
AT_SIM_01252,26,37,31,43,34,21,14,25
AT_SIM_01253,211,443,228,254,13,104,11,19
AT_SIM_01254,15,24,28,81,10,25,30,43
AT_SIM_01255,69,36,6,49,27,34,19,28
AT_SIM_01256,859,643,1081,921,463,578,422,1224
AT_SIM_01257,83,261,33,101,128,79,92,95
AT_SIM_01258,2991,11159,16865,3185,5914,2855,5519,3171
AT_SIM_01259,31,65,53,135,52,42,36,92
AT_SIM_01260,1285,1810,1090,715,680,1369,829,959
AT_SIM_01261,94,136,279,98,56,106,180,87
AT_SIM_01262,885,259,567,1505,85,213,106,125
AT_SIM_01263,18,92,30,46,56,60,72,26
AT_SIM_01264,195,92,12,138,142,37,60,68
AT_SIM_01265,54,129,81,150,48,91,149,86
AT_SIM_01266,20,27,8,34,24,31,53,16
AT_SIM_01267,158,575,532,579,151,144,156,209
AT_SIM_01268,376,707,212,612,222,854,271,540
AT_SIM_01269,913,1352,368,607,339,341,638,1504
AT_SIM_01270,2279,3487,4156,5375,2151,3885,3630,4117
AT_SIM_01271,2303,578,2722,9582,1852,411,2116,833
AT_SIM_01272,87,102,50,126,56,165,25,70
AT_SIM_01273,207,204,532,215,346,236,217,211
AT_SIM_01274,68,21,13,20,6,0,1,0
AT_SIM_01275,128,169,122,152,74,68,89,191
AT_SIM_01276,23,18,42,33,68,42,30,27
AT_SIM_01277,3864,3918,3350,3350,3792,3509,3059,3439
AT_SIM_01278,324,181,263,733,62,17,141,201
AT_SIM_01279,117,99,132,61,105,47,83,151
AT_SIM_01280,1642,2164,2041,945,1065,1639,910,1270
AT_SIM_01281,2,0,2,1,1,1,0,1
AT_SIM_01282,6,0,1,1,0,3,3,1
AT_SIM_01283,560,994,670,541,436,700,432,1014
AT_SIM_01284,174,58,164,146,209,199,158,125
AT_SIM_01285,53,262,52,248,368,182,144,187
AT_SIM_01286,6,10,9,19,12,11,14,3
AT_SIM_01287,202,87,156,116,163,176,68,104
AT_SIM_01288,6250,2541,9515,4198,1899,1092,2859,683
AT_SIM_01289,646,873,526,773,780,623,786,967
AT_SIM_01290,234,65,283,211,442,118,308,128
AT_SIM_01291,75,53,212,57,32,14,63,23
AT_SIM_01292,36,59,117,47,63,52,36,89
AT_SIM_01293,3,1,1,6,2,0,0,0
AT_SIM_01294,206,155,283,278,215,207,72,132
AT_SIM_01295,653,605,1177,637,1190,219,1144,574
AT_SIM_01296,2,16,16,10,3,16,28,7
AT_SIM_01297,30,37,42,66,39,31,18,26
AT_SIM_01298,11,7,9,15,22,24,12,10
AT_SIM_01299,5,18,28,15,11,26,12,26
AT_SIM_01300,214,309,243,90,156,12,80,394
AT_SIM_01301,5,3,3,1,6,2,1,6
AT_SIM_01302,122,1549,223,202,1384,239,568,1589
AT_SIM_01303,406,428,438,267,1350,1552,1363,734
AT_SIM_01304,20,22,211,49,122,69,54,69
AT_SIM_01305,0,1,0,0,1,1,0,1
AT_SIM_01306,10,38,9,4,18,19,14,9
AT_SIM_01307,1793,593,342,1153,2227,1628,2053,2066
AT_SIM_01308,0,3,0,0,0,2,0,2
AT_SIM_01309,80,89,87,55,111,96,77,52
AT_SIM_01310,4,34,5,2,12,27,12,2
AT_SIM_01311,590,781,645,678,596,1451,835,710
AT_SIM_01312,31,34,34,39,27,41,18,39
AT_SIM_01313,325,332,322,158,368,469,211,501
AT_SIM_01314,580,590,410,471,102,78,67,97
AT_SIM_01315,4699,4794,10578,7090,5758,4805,5013,7719
AT_SIM_01316,164,102,42,67,110,130,64,110
AT_SIM_01317,260,482,368,230,215,331,136,353
AT_SIM_01318,3,13,6,4,6,7,7,8
AT_SIM_01319,1271,857,1496,1783,1249,1813,687,1309
AT_SIM_01320,37,8,28,29,42,31,36,46
AT_SIM_01321,47,41,39,28,11,6,10,29
AT_SIM_01322,127,113,371,183,52,163,122,30
AT_SIM_01323,2,8,3,2,0,2,4,4
AT_SIM_01324,177,138,122,105,356,207,149,33
AT_SIM_01325,1178,741,515,768,901,721,675,1271
AT_SIM_01326,202,183,180,461,267,243,155,243
AT_SIM_01327,6,4,6,8,6,5,11,5
AT_SIM_01328,88,49,69,144,51,87,55,182
AT_SIM_01329,203,2531,482,431,882,434,949,350
AT_SIM_01330,2,3,2,0,4,6,0,3
AT_SIM_01331,22,17,17,18,17,21,26,13
AT_SIM_01332,554,1700,944,483,511,254,321,857
AT_SIM_01333,186,249,263,115,343,375,170,110
AT_SIM_01334,279,533,357,262,386,280,314,152
AT_SIM_01335,4893,5261,10388,7114,9896,3806,967,5716
AT_SIM_01336,584,455,430,477,240,234,239,358
AT_SIM_01337,527,58,878,651,67,196,204,1568
AT_SIM_01338,32794,16810,25274,64383,30708,29878,28494,52603
AT_SIM_01339,80,71,173,42,18,17,20,9
AT_SIM_01340,19,47,25,22,25,26,22,38
AT_SIM_01341,129,620,230,446,1745,3183,2388,2189
AT_SIM_01342,733,320,626,127,163,490,176,634
AT_SIM_01343,111,43,40,32,62,56,84,61
AT_SIM_01344,17,34,15,27,10,16,8,17
AT_SIM_01345,5453,15814,10162,4849,23832,3497,3504,9426
AT_SIM_01346,168,207,274,65,67,364,50,55
AT_SIM_01347,27,28,13,48,34,10,40,59
AT_SIM_01348,991,1130,851,956,891,842,622,758
AT_SIM_01349,39,320,23,51,64,461,61,122
AT_SIM_01350,87,151,117,83,104,66,36,80
AT_SIM_01351,626,298,596,287,243,367,288,420
AT_SIM_01352,6,4,1,2,10,1,10,16
AT_SIM_01353,127,587,354,271,241,27,273,588
AT_SIM_01354,3676,6906,3755,7723,3025,3141,4749,5991
AT_SIM_01355,406,1021,1153,681,1173,2286,1353,4561
AT_SIM_01356,83,41,41,13,70,97,77,71
AT_SIM_01357,50,57,36,71,61,53,36,40
AT_SIM_01358,48,34,103,98,42,30,82,29
AT_SIM_01359,22,64,59,131,115,76,139,96
AT_SIM_01360,61,52,53,58,93,75,31,33
AT_SIM_01361,2271,886,341,334,531,1423,178,519
AT_SIM_01362,1,4,2,1,7,3,1,1
AT_SIM_01363,392,143,942,331,1045,1475,8,4013
AT_SIM_01364,94,103,60,71,78,62,29,43
AT_SIM_01365,498,344,271,259,405,172,144,302
AT_SIM_01366,20,18,12,21,10,21,6,65
AT_SIM_01367,3037,1759,1642,1134,879,2759,1459,680
AT_SIM_01368,3537,1628,1266,3145,1001,1247,537,1673
AT_SIM_01369,1663,1092,615,905,1389,994,1072,305
AT_SIM_01370,2,5,9,7,17,3,10,6
AT_SIM_01371,931,956,902,683,498,815,607,604
AT_SIM_01372,207,107,285,236,281,118,343,182
AT_SIM_01373,4,5,3,12,6,7,1,9
AT_SIM_01374,160,59,301,187,347,34,125,53
AT_SIM_01375,196,135,170,305,199,275,391,212
AT_SIM_01376,525,521,326,286,517,492,274,263
AT_SIM_01377,587,388,129,58,280,25,325,78
AT_SIM_01378,500,871,461,222,119,161,160,51
AT_SIM_01379,1556,768,3342,4782,1010,1412,1635,4761
AT_SIM_01380,1885,2589,1239,1132,1473,1203,1221,785
AT_SIM_01381,1,0,0,0,2,5,1,1
AT_SIM_01382,45,85,69,94,61,84,93,67
AT_SIM_01383,30,64,21,128,48,107,37,144
AT_SIM_01384,3,1,4,3,4,11,3,0
AT_SIM_01385,207,235,10,226,102,106,164,174
AT_SIM_01386,1107,1969,1811,2568,1522,1907,1600,1442
AT_SIM_01387,16,11,10,42,33,0,24,19
AT_SIM_01388,689,43,115,422,172,529,225,193
AT_SIM_01389,15,8,23,16,16,17,25,18
AT_SIM_01390,31,43,52,36,26,36,32,49
AT_SIM_01391,1298,1353,4708,2558,2029,1455,1169,1717
AT_SIM_01392,76,35,58,71,118,24,42,43
AT_SIM_01393,397,298,159,334,299,649,359,696
AT_SIM_01394,0,7,2,1,1,1,5,7
AT_SIM_01395,11306,2724,3670,2344,5239,5033,6200,14420
AT_SIM_01396,440,447,421,249,398,367,792,975
AT_SIM_01397,58,304,169,160,154,91,114,106
AT_SIM_01398,168,488,638,453,386,566,589,307
AT_SIM_01399,6,8,17,4,10,4,9,5
AT_SIM_01400,277,2974,3150,3615,1358,916,538,110
AT_SIM_01401,135,122,48,101,93,90,72,100
AT_SIM_01402,63,43,109,117,183,59,112,65
AT_SIM_01403,46,62,32,44,39,49,53,67
AT_SIM_01404,62,24,9,33,58,76,64,52
AT_SIM_01405,826,940,692,227,165,844,87,562
AT_SIM_01406,101,142,114,88,317,48,371,123
AT_SIM_01407,661,473,407,458,315,462,294,253
AT_SIM_01408,86,141,0,100,213,24,133,188
AT_SIM_01409,162,263,10,490,599,455,620,606
AT_SIM_01410,12,61,19,65,97,82,49,119
AT_SIM_01411,2482,5160,9359,8576,19382,11083,14664,2471
AT_SIM_01412,5,14,3,3,6,4,8,3
AT_SIM_01413,1717,1117,1545,1775,2117,956,557,1132
AT_SIM_01414,2861,1826,2236,1236,1394,2403,1418,2339
AT_SIM_01415,22,40,22,28,29,34,20,25
AT_SIM_01416,4803,2518,3466,41604,13904,7280,7704,8599
AT_SIM_01417,889,2644,721,465,1211,878,1145,472
AT_SIM_01418,1130,1396,961,967,851,519,613,747
AT_SIM_01419,217,52,260,159,139,72,89,92
AT_SIM_01420,78,19,130,62,98,215,29,49
AT_SIM_01421,65,129,183,81,148,85,96,36
AT_SIM_01422,547,467,96,318,264,158,85,147
AT_SIM_01423,1120,7913,1701,3868,1071,959,1054,255
AT_SIM_01424,251,336,239,87,613,185,105,51
AT_SIM_01425,21,26,35,21,28,16,22,55
AT_SIM_01426,679,1032,496,629,831,596,344,726
AT_SIM_01427,1087,1307,1086,580,939,714,816,973
AT_SIM_01428,656,395,632,337,938,329,652,1054
AT_SIM_01429,679,430,905,722,573,902,600,388
AT_SIM_01430,84,153,55,85,84,77,50,84
AT_SIM_01431,3,35,37,26,4,32,10,52
AT_SIM_01432,28,20,22,32,22,31,39,24
AT_SIM_01433,3,7,6,6,7,3,7,1
AT_SIM_01434,260,232,243,402,179,200,272,231
AT_SIM_01435,92,189,70,83,12,28,12,17
AT_SIM_01436,21,35,62,17,16,39,48,41
AT_SIM_01437,0,0,0,0,0,2,3,1
AT_SIM_01438,14,7,13,3,8,14,4,9
AT_SIM_01439,1029,1928,542,1034,847,1401,538,1146
AT_SIM_01440,34,25,60,71,28,56,74,49
AT_SIM_01441,237,253,75,477,65,73,70,50
AT_SIM_01442,16,9,7,5,3,4,13,3
AT_SIM_01443,3725,1628,1476,2093,2116,2281,2001,1383
AT_SIM_01444,99,107,103,84,109,155,291,74
AT_SIM_01445,639,531,444,82,96,33,55,59
AT_SIM_01446,4153,20591,6359,18322,13890,4313,1033,6645
AT_SIM_01447,3686,2256,3345,2391,3138,2834,2328,4129
AT_SIM_01448,88,78,138,17,0,198,173,62
AT_SIM_01449,20,104,19,24,38,4,61,41
AT_SIM_01450,24,92,46,64,59,83,19,65
AT_SIM_01451,668,441,723,365,595,359,290,283
AT_SIM_01452,189,79,145,45,122,92,74,79
AT_SIM_01453,148,82,55,12,87,104,56,36
AT_SIM_01454,2043,2450,2343,2848,2174,3305,2554,2130
AT_SIM_01455,85,74,82,95,165,37,39,90
AT_SIM_01456,16534,14590,17528,16619,10031,9882,15274,34124
AT_SIM_01457,161,582,150,149,204,98,120,164
AT_SIM_01458,6612,6597,4885,4101,6439,5394,5713,4408
AT_SIM_01459,275,636,189,47,451,803,443,187
AT_SIM_01460,1430,695,850,330,1168,6017,1254,1253
AT_SIM_01461,11,30,4,14,19,29,15,5
AT_SIM_01462,11,44,9,44,3,2,9,72
AT_SIM_01463,309,958,846,263,189,291,490,138
AT_SIM_01464,789,471,226,348,1096,751,1095,1213
AT_SIM_01465,80,231,35,399,105,5,155,149
AT_SIM_01466,14,18,17,9,8,20,14,7
AT_SIM_01467,6,9,14,10,16,12,5,6
AT_SIM_01468,13,4,24,6,8,10,4,12
AT_SIM_01469,0,2,2,2,5,3,1,7
AT_SIM_01470,229,213,154,214,204,175,178,120
AT_SIM_01471,803,1666,104,270,1915,2905,918,3070
AT_SIM_01472,239,345,152,50,30,170,148,179
AT_SIM_01473,2,3,2,1,1,2,2,0
AT_SIM_01474,172,176,70,185,108,101,119,51
AT_SIM_01475,69,337,26,56,12,218,89,62
AT_SIM_01476,7142,18278,9361,11434,8375,8641,5443,10763
AT_SIM_01477,8,1,7,8,8,9,3,13
AT_SIM_01478,63,63,31,35,24,109,98,58
AT_SIM_01479,3288,4574,2739,5908,2594,2187,6864,4050
AT_SIM_01480,310,512,190,139,274,149,143,192
AT_SIM_01481,299,406,264,428,301,250,170,424
AT_SIM_01482,282,148,168,559,226,78,139,331
AT_SIM_01483,164,587,164,500,175,180,265,289
AT_SIM_01484,561,823,2082,735,394,235,655,789
AT_SIM_01485,32,99,16,33,147,170,32,170
AT_SIM_01486,609,1379,325,397,222,608,857,523
AT_SIM_01487,6,14,10,6,13,15,5,6
AT_SIM_01488,318,249,284,333,258,262,183,208
AT_SIM_01489,309,707,915,165,136,372,216,139
AT_SIM_01490,44,56,53,56,48,72,29,38
AT_SIM_01491,172,164,145,167,175,126,98,143
AT_SIM_01492,25,36,28,34,28,70,44,61
AT_SIM_01493,17,6,8,21,14,9,36,21
AT_SIM_01494,33,40,39,37,99,53,42,49
AT_SIM_01495,19,24,29,13,28,8,13,29
AT_SIM_01496,239,486,227,324,211,153,210,202
AT_SIM_01497,13,23,21,14,7,29,14,9
AT_SIM_01498,444,909,646,797,1444,738,689,758
AT_SIM_01499,16,14,13,9,10,11,19,8
AT_SIM_01500,29,48,50,34,22,59,41,57
AT_SIM_01501,22,18,32,24,14,59,15,31
AT_SIM_01502,1474,2431,2846,2008,1424,1838,896,2448
AT_SIM_01503,155,199,286,253,37,301,251,512
AT_SIM_01504,49,174,74,105,47,63,94,82
AT_SIM_01505,319,507,395,533,2200,2653,756,1360
AT_SIM_01506,5,0,5,2,4,5,0,3
AT_SIM_01507,271,199,112,374,186,107,214,7
AT_SIM_01508,10153,5943,8393,12529,8491,5639,5982,5126
AT_SIM_01509,246,117,156,177,324,83,150,386
AT_SIM_01510,184,169,122,129,115,178,124,188
AT_SIM_01511,756,465,111,442,277,678,440,317
AT_SIM_01512,1255,1565,1729,658,877,1458,644,471
AT_SIM_01513,2,3,2,3,1,0,2,1
AT_SIM_01514,6,6,2,3,7,5,6,11
AT_SIM_01515,198,279,164,170,219,242,338,214
AT_SIM_01516,39,24,42,36,48,19,56,17
AT_SIM_01517,1376,2361,1933,2998,2105,1437,1606,2121
AT_SIM_01518,23,66,36,45,125,75,20,41
AT_SIM_01519,2,0,3,2,1,2,4,2
AT_SIM_01520,27,18,17,8,9,4,10,6
AT_SIM_01521,2,1,0,1,1,0,0,0
AT_SIM_01522,104,66,181,62,131,10,92,132
AT_SIM_01523,115,118,147,105,78,298,87,26
AT_SIM_01524,56,83,70,38,35,61,60,33
AT_SIM_01525,1297,1782,1074,1763,253,1786,1683,1355
AT_SIM_01526,2963,2177,1951,935,2070,1605,1408,765
AT_SIM_01527,64,68,110,63,170,101,122,115
AT_SIM_01528,5,0,1,2,2,2,4,1
AT_SIM_01529,505,473,464,395,497,531,374,585
AT_SIM_01530,691,338,754,318,387,417,274,423
AT_SIM_01531,170,263,416,396,142,136,345,236
AT_SIM_01532,2401,451,685,328,1188,418,579,28
AT_SIM_01533,20,47,13,4,14,13,45,12
AT_SIM_01534,5964,16441,1922,1662,11341,6611,12229,5553
AT_SIM_01535,34,5,6,4,2,11,25,27
AT_SIM_01536,614,465,805,734,480,600,156,514
AT_SIM_01537,4,3,2,3,5,6,2,12
AT_SIM_01538,8,15,14,19,0,8,25,19
AT_SIM_01539,1183,3957,4081,1837,4365,2490,2449,1815
AT_SIM_01540,70,69,74,72,79,100,82,84
AT_SIM_01541,2528,1100,309,203,1954,935,563,380
AT_SIM_01542,172,285,194,169,378,231,179,267
AT_SIM_01543,212,26,214,81,257,66,66,57
AT_SIM_01544,3089,582,1389,401,6862,1448,181,736
AT_SIM_01545,71,58,108,120,73,119,90,78
AT_SIM_01546,12,5,12,2,23,20,21,17
AT_SIM_01547,29,10,50,19,56,34,3,39
AT_SIM_01548,433,687,685,682,469,637,233,216
AT_SIM_01549,186,157,126,178,235,600,132,230
AT_SIM_01550,6,6,5,10,2,10,4,3
AT_SIM_01551,53,36,44,38,33,25,27,51
AT_SIM_01552,103,19,74,24,28,60,40,35
AT_SIM_01553,83,60,16,18,109,74,21,67
AT_SIM_01554,16,13,5,11,19,7,0,7
AT_SIM_01555,34,58,51,45,38,13,37,32
AT_SIM_01556,32,43,34,25,61,20,28,28
AT_SIM_01557,558,675,258,493,404,786,699,1456
AT_SIM_01558,562,881,1044,800,746,716,926,698
AT_SIM_01559,132,108,74,154,32,38,76,88
AT_SIM_01560,46,48,49,44,101,127,21,94
AT_SIM_01561,164,242,232,108,196,135,225,194
AT_SIM_01562,39,26,64,13,10,34,30,57
AT_SIM_01563,15,25,9,24,16,7,5,5
AT_SIM_01564,47,44,18,19,15,43,19,29
AT_SIM_01565,34,27,45,28,28,8,9,14
AT_SIM_01566,2,27,15,28,16,19,19,14
AT_SIM_01567,291,169,145,95,238,167,144,255
AT_SIM_01568,658,510,787,468,678,563,358,534
AT_SIM_01569,1,1,0,7,1,11,11,3
AT_SIM_01570,185,95,350,99,96,110,107,114
AT_SIM_01571,148,128,44,68,64,72,46,175
AT_SIM_01572,265,216,174,371,1521,1300,1642,1670
AT_SIM_01573,76,59,60,171,133,114,102,207
AT_SIM_01574,11,13,5,7,7,8,3,7
AT_SIM_01575,24,15,6,18,11,12,11,19
AT_SIM_01576,247,170,109,182,163,71,108,224
AT_SIM_01577,509,634,385,1711,821,1948,1206,468
AT_SIM_01578,1,3,2,0,3,0,1,3
AT_SIM_01579,255,332,349,312,311,279,292,265
AT_SIM_01580,1517,4079,1367,669,890,506,2229,581
AT_SIM_01581,28,245,54,111,159,73,87,260
AT_SIM_01582,274,672,647,604,414,394,193,266
AT_SIM_01583,45,10,11,4,19,1,16,79
AT_SIM_01584,45,14,66,18,244,165,219,114
AT_SIM_01585,2,4,4,11,5,6,4,7
AT_SIM_01586,1,0,0,2,0,2,3,0
AT_SIM_01587,1177,717,782,1268,2250,505,369,945
AT_SIM_01588,15,9,15,11,45,20,10,28
AT_SIM_01589,40,66,43,39,47,41,51,62
AT_SIM_01590,9,7,20,8,12,4,15,12
AT_SIM_01591,11,7,4,2,4,4,7,8
AT_SIM_01592,8,63,52,41,56,117,36,132
AT_SIM_01593,31,41,32,23,26,12,21,21
AT_SIM_01594,209,403,198,167,424,752,43,407
AT_SIM_01595,401,359,476,327,362,263,286,158
AT_SIM_01596,335,377,299,130,241,559,90,446
AT_SIM_01597,687,169,167,56,340,257,148,184
AT_SIM_01598,4156,5300,2779,2946,2480,3569,3018,3331
AT_SIM_01599,21,18,28,22,11,14,14,27
AT_SIM_01600,150,179,123,84,939,473,919,282
AT_SIM_01601,1032,1981,1945,1449,867,1118,1184,1744
AT_SIM_01602,3729,1359,4024,2059,2459,2046,900,1856
AT_SIM_01603,1,9,5,14,31,23,16,43
AT_SIM_01604,52,70,60,80,256,734,146,243
AT_SIM_01605,6213,757,1600,1329,2708,1529,1093,4086
AT_SIM_01606,839,695,287,378,212,424,203,266
AT_SIM_01607,277,205,185,168,192,147,217,220
AT_SIM_01608,53,162,70,46,232,83,100,72
AT_SIM_01609,47,44,23,42,94,16,90,86
AT_SIM_01610,145,176,179,204,195,210,231,377
AT_SIM_01611,89,72,182,29,56,73,143,76
AT_SIM_01612,154,171,149,103,88,156,133,105
AT_SIM_01613,83,353,24,217,69,55,41,170
AT_SIM_01614,30,46,37,45,55,26,26,24
AT_SIM_01615,262,493,437,32,25,69,91,252
AT_SIM_01616,83206,20195,65106,34338,46035,40109,35648,78046
AT_SIM_01617,5,1,5,6,5,5,2,2
AT_SIM_01618,443,172,31,82,189,239,95,63
AT_SIM_01619,54,67,25,40,7,68,29,31
AT_SIM_01620,380,1059,480,208,223,529,210,102
AT_SIM_01621,281,200,215,500,141,61,155,45
AT_SIM_01622,305,717,462,327,844,3577,3495,2444
AT_SIM_01623,5173,2337,2861,3026,2944,376,620,2630
AT_SIM_01624,189,366,117,232,102,144,171,143
AT_SIM_01625,615,1281,1768,1878,2347,1139,809,1344
AT_SIM_01626,3,0,1,1,1,0,1,1
AT_SIM_01627,3736,3981,4364,2072,7493,5106,2321,3103
AT_SIM_01628,496,195,123,363,165,97,93,417
AT_SIM_01629,1651,1325,1244,1562,1816,764,863,1054
AT_SIM_01630,14,20,12,11,16,10,7,15
AT_SIM_01631,13,25,118,71,61,37,35,118
AT_SIM_01632,80,443,122,193,404,136,200,158
AT_SIM_01633,188,209,92,141,169,312,224,134
AT_SIM_01634,201,115,204,298,443,255,147,207
AT_SIM_01635,2544,1756,1712,514,3224,597,1702,161
AT_SIM_01636,2,11,4,4,2,5,0,0
AT_SIM_01637,887,839,1086,1158,715,977,603,1199
AT_SIM_01638,239,153,182,100,155,111,155,170
AT_SIM_01639,52,92,179,201,157,38,30,138
AT_SIM_01640,5,14,5,5,7,3,1,10
AT_SIM_01641,316,738,127,242,524,185,156,150
AT_SIM_01642,0,1,0,1,1,0,1,0
AT_SIM_01643,701,1732,417,727,701,526,803,739
AT_SIM_01644,13,4,9,2,3,13,5,16
AT_SIM_01645,188,103,79,145,114,100,100,147
AT_SIM_01646,50,118,122,74,34,109,73,170
AT_SIM_01647,1772,939,663,2657,227,116,275,320
AT_SIM_01648,23,91,12,157,38,33,37,153
AT_SIM_01649,43,97,9,11,3,11,7,5
AT_SIM_01650,51,41,66,51,51,69,27,21
AT_SIM_01651,1568,740,4753,4810,1669,371,241,644
AT_SIM_01652,506,552,252,278,395,288,420,602
AT_SIM_01653,58,119,58,37,20,49,78,66
AT_SIM_01654,127,57,103,66,21,45,48,22
AT_SIM_01655,0,9,20,4,5,8,3,9
AT_SIM_01656,288,385,438,269,266,222,318,310
AT_SIM_01657,1,4,2,1,2,6,0,3
AT_SIM_01658,931,966,185,869,517,485,520,269
AT_SIM_01659,187,175,139,133,500,463,1321,940
AT_SIM_01660,37500,22258,67018,10765,5318,13416,10007,5824
AT_SIM_01661,7,19,32,11,8,10,5,9
AT_SIM_01662,31,108,45,63,63,39,66,141
AT_SIM_01663,2379,3524,2972,7185,2623,5412,4643,3734
AT_SIM_01664,508,3518,787,1887,1643,2275,1865,924
AT_SIM_01665,22,9,43,35,81,16,1,53
AT_SIM_01666,366,581,420,146,491,39,121,86
AT_SIM_01667,87,141,35,56,197,122,128,203
AT_SIM_01668,112,122,307,130,327,172,213,65
AT_SIM_01669,44,20,28,14,63,42,22,67
AT_SIM_01670,94,137,77,97,81,82,107,114
AT_SIM_01671,2,10,3,6,7,10,45,20
AT_SIM_01672,233,172,120,120,254,294,99,99
AT_SIM_01673,283,709,231,357,253,214,554,263
AT_SIM_01674,13,184,46,95,208,105,47,66
AT_SIM_01675,9,5,5,10,4,3,6,1
AT_SIM_01676,1686,1512,1772,698,1398,971,460,852
AT_SIM_01677,142,478,81,355,164,171,575,265
AT_SIM_01678,19,44,14,28,41,48,36,45
AT_SIM_01679,27,10,38,58,138,2,66,28
AT_SIM_01680,10,2,18,6,2,11,6,4
AT_SIM_01681,21,6,48,5,0,21,11,21
AT_SIM_01682,40,98,44,61,27,30,70,9
AT_SIM_01683,1814,1996,1827,1786,1269,1779,1946,2343
AT_SIM_01684,44,115,23,44,22,9,31,22
AT_SIM_01685,409,646,370,269,762,1034,240,650
AT_SIM_01686,2,173,20,24,394,167,98,100
AT_SIM_01687,186,247,344,185,108,204,115,142
AT_SIM_01688,70,99,111,54,167,93,84,190
AT_SIM_01689,518,32,996,68,310,704,415,1688
AT_SIM_01690,105,38,47,107,44,33,54,50
AT_SIM_01691,13,6,5,2,5,10,3,2
AT_SIM_01692,10,6,12,10,13,11,4,10
AT_SIM_01693,43,94,47,53,23,25,52,35
AT_SIM_01694,10,10,9,2,6,8,5,19
AT_SIM_01695,349,340,275,61,891,360,263,113
AT_SIM_01696,85,41,51,63,82,108,24,103
AT_SIM_01697,15740,20395,16535,20771,11482,14837,16701,23364
AT_SIM_01698,5,3,6,0,4,8,2,0
AT_SIM_01699,138,355,214,185,165,213,134,256
AT_SIM_01700,38,37,4,4,19,6,10,12
AT_SIM_01701,39,95,65,26,40,55,56,76
AT_SIM_01702,189,195,241,225,267,191,163,128
AT_SIM_01703,1,2,0,2,2,2,1,3
AT_SIM_01704,353,253,192,309,405,107,416,301
AT_SIM_01705,9249,4346,10035,12162,9848,1330,4217,3708
AT_SIM_01706,94,51,70,26,53,31,43,49
AT_SIM_01707,228,162,183,271,161,217,128,358
AT_SIM_01708,1480,1700,3259,1869,1480,2666,597,125
AT_SIM_01709,140,75,138,115,147,167,74,126
AT_SIM_01710,31,53,12,31,35,42,17,12
AT_SIM_01711,4,4,0,3,4,0,1,1
AT_SIM_01712,769,472,154,893,962,348,266,414
AT_SIM_01713,115,121,70,108,123,129,66,211
AT_SIM_01714,28,40,13,12,13,16,13,20
AT_SIM_01715,173,315,169,185,305,254,111,120
AT_SIM_01716,17,42,52,70,23,45,49,99
AT_SIM_01717,77,45,53,18,36,31,71,28
AT_SIM_01718,1367,433,521,514,335,291,179,240
AT_SIM_01719,10,6,9,26,8,22,8,9
AT_SIM_01720,375,429,302,576,1797,1531,1124,730
AT_SIM_01721,10,7,10,4,12,14,4,15
AT_SIM_01722,61,25,82,26,90,9,9,16
AT_SIM_01723,3742,3741,4126,14076,4314,9605,2884,3563
AT_SIM_01724,837,1439,1021,722,2722,4759,135,1141
AT_SIM_01725,206,199,76,233,145,186,106,329
AT_SIM_01726,20,18,20,17,25,19,17,17
AT_SIM_01727,23,33,36,79,36,83,84,28
AT_SIM_01728,153,183,228,109,97,266,68,318
AT_SIM_01729,158,254,134,146,103,141,170,236
AT_SIM_01730,140,136,120,85,238,92,119,47
AT_SIM_01731,68,172,106,89,86,148,10,76
AT_SIM_01732,81,64,46,80,114,28,38,19
AT_SIM_01733,2,5,12,4,6,4,9,15
AT_SIM_01734,25,51,45,36,31,51,15,56
AT_SIM_01735,268,502,1203,474,1397,635,317,1247
AT_SIM_01736,11,9,17,20,10,6,9,9
AT_SIM_01737,169,21,139,65,79,53,164,13
AT_SIM_01738,44,31,2,21,26,82,15,76
AT_SIM_01739,123,218,97,99,125,49,166,243
AT_SIM_01740,78,111,51,102,36,166,117,35
AT_SIM_01741,1251,1703,954,3178,3749,491,2201,781
AT_SIM_01742,283,339,325,482,423,175,267,335
AT_SIM_01743,3,7,5,6,11,9,3,10
AT_SIM_01744,495,836,414,500,397,695,397,563
AT_SIM_01745,16,29,31,13,13,28,5,18
AT_SIM_01746,26,92,41,26,51,53,38,21
AT_SIM_01747,223,424,308,76,216,219,145,351
AT_SIM_01748,87,41,59,29,33,61,37,30
AT_SIM_01749,1094,912,1473,1014,1080,1068,722,1027
AT_SIM_01750,52,50,17,67,33,22,30,9
AT_SIM_01751,28,27,49,32,53,71,14,52
AT_SIM_01752,29,18,27,45,52,52,15,17
AT_SIM_01753,37,87,7,24,39,29,29,21
AT_SIM_01754,1400,1382,994,899,1351,775,1721,969
AT_SIM_01755,481,648,249,729,901,258,244,431
AT_SIM_01756,1474,5969,840,5193,4101,3581,2071,3773
AT_SIM_01757,8822,2861,28060,9058,19365,8219,11947,12687
AT_SIM_01758,28,27,7,25,3,8,14,7
AT_SIM_01759,173,210,110,252,151,235,152,125
AT_SIM_01760,23,18,10,3,6,13,27,20
AT_SIM_01761,41,20,28,32,41,33,40,29
AT_SIM_01762,29,22,78,42,125,189,72,69
AT_SIM_01763,26,18,13,21,14,9,22,18
AT_SIM_01764,9,35,24,14,1,18,1,15
AT_SIM_01765,50,126,25,168,196,44,77,24
AT_SIM_01766,11,17,9,15,24,8,26,13
AT_SIM_01767,1288,1414,1102,313,576,5165,3320,4065
AT_SIM_01768,20,24,9,4,24,10,11,37
AT_SIM_01769,15319,49863,21206,41992,119849,75294,62734,36741
AT_SIM_01770,36,46,51,60,49,63,20,103
AT_SIM_01771,61,684,130,228,359,657,345,251
AT_SIM_01772,18,6,19,4,16,16,26,16
AT_SIM_01773,5681,7020,5028,4111,4974,2199,1609,1478
AT_SIM_01774,624,1102,611,1802,1209,1878,408,1738
AT_SIM_01775,547,492,286,541,108,132,138,203
AT_SIM_01776,4,8,11,12,2,1,17,2
AT_SIM_01777,148,115,137,172,223,176,154,369
AT_SIM_01778,13,1,5,5,8,2,13,0
AT_SIM_01779,1225,2645,4351,1292,2510,2964,949,3264
AT_SIM_01780,839,1228,921,653,608,740,777,528
AT_SIM_01781,59,106,26,204,102,188,13,157
AT_SIM_01782,0,3,0,0,0,0,0,4
AT_SIM_01783,16,24,69,9,13,15,11,52
AT_SIM_01784,641,321,401,731,580,561,611,543
AT_SIM_01785,946,478,1072,1695,815,861,2929,2209
AT_SIM_01786,1992,464,1915,439,604,678,342,698
AT_SIM_01787,9,11,8,6,12,2,8,6
AT_SIM_01788,144,565,321,187,632,173,205,349
AT_SIM_01789,893,959,2088,907,1051,1707,346,132
AT_SIM_01790,3,4,9,2,2,0,4,5
AT_SIM_01791,203,121,128,88,121,149,106,106
AT_SIM_01792,294,321,146,295,339,52,88,184
AT_SIM_01793,92,61,44,65,146,29,54,114
AT_SIM_01794,10,3,2,4,2,2,7,0
AT_SIM_01795,87,12,124,49,5,5,6,21
AT_SIM_01796,166,79,62,81,81,103,55,63
AT_SIM_01797,111,14,78,64,18,30,41,41
AT_SIM_01798,11,0,1,77,8,7,21,1
AT_SIM_01799,116,12,45,16,26,77,114,57
AT_SIM_01800,90,198,116,163,92,189,95,157
AT_SIM_01801,456,470,306,238,500,280,255,363
AT_SIM_01802,74,130,29,18,186,135,190,101
AT_SIM_01803,53,61,38,27,76,35,24,24
AT_SIM_01804,242,144,149,58,210,340,195,512
AT_SIM_01805,7,2,3,2,7,1,1,1
AT_SIM_01806,315,69,274,375,152,305,316,546
AT_SIM_01807,21,163,194,44,146,85,92,116
AT_SIM_01808,174,997,101,39,10,112,233,724
AT_SIM_01809,684,908,1040,475,1391,1131,358,224
AT_SIM_01810,0,4,2,2,1,3,2,2
AT_SIM_01811,3,0,3,1,1,3,1,5
AT_SIM_01812,471,448,186,91,319,772,285,115
AT_SIM_01813,289,118,145,90,45,75,233,72
AT_SIM_01814,214,262,270,163,205,197,182,234
AT_SIM_01815,39,37,50,56,57,74,50,22
AT_SIM_01816,1070,1054,131,229,565,427,881,31
AT_SIM_01817,477,941,1148,201,1035,2282,373,259
AT_SIM_01818,843,400,563,381,233,170,490,629
AT_SIM_01819,54,49,119,62,53,18,88,48
AT_SIM_01820,3,5,4,1,1,0,2,2
AT_SIM_01821,693,442,486,577,413,1059,608,772
AT_SIM_01822,1698,1497,1726,1233,6346,3857,3853,6988
AT_SIM_01823,325,454,290,165,364,693,443,501
AT_SIM_01824,7,34,31,10,60,4,100,62
AT_SIM_01825,754,661,510,732,86,81,99,123
AT_SIM_01826,714,752,818,691,751,1047,751,603
AT_SIM_01827,9097,1303,1596,5123,1506,5288,1018,2245
AT_SIM_01828,4,47,16,31,57,20,25,3
AT_SIM_01829,58,115,25,60,64,88,66,93
AT_SIM_01830,392,1349,279,1560,139,448,695,22
AT_SIM_01831,237,256,119,178,75,52,134,235
AT_SIM_01832,10,17,16,15,22,13,5,19
AT_SIM_01833,273,612,312,518,222,247,400,224
AT_SIM_01834,858,790,559,473,335,425,482,264
AT_SIM_01835,345,220,83,165,279,135,123,94
AT_SIM_01836,181,234,157,272,68,80,67,55
AT_SIM_01837,50,116,131,162,53,51,73,24
AT_SIM_01838,1928,1881,6011,1904,15354,18536,13704,14219
AT_SIM_01839,14,13,35,13,10,14,14,9
AT_SIM_01840,32,49,14,55,46,47,41,64
AT_SIM_01841,60,114,70,89,60,38,243,233
AT_SIM_01842,310,1024,802,1058,113,1452,463,240
AT_SIM_01843,6,3,7,0,7,5,11,2
AT_SIM_01844,9,13,11,13,9,11,6,14
AT_SIM_01845,3,5,1,5,0,3,2,2
AT_SIM_01846,97,217,166,14,28,38,64,75
AT_SIM_01847,16,15,15,8,87,57,50,75
AT_SIM_01848,80,75,25,65,52,35,37,52
AT_SIM_01849,912,543,1079,329,120,677,196,73
AT_SIM_01850,55,34,61,51,43,45,35,44
AT_SIM_01851,44,191,49,349,142,89,517,17
AT_SIM_01852,163,94,139,95,46,43,54,97
AT_SIM_01853,903,1168,265,369,358,108,502,996
AT_SIM_01854,157,481,281,340,100,205,335,336
AT_SIM_01855,35,45,37,25,22,39,19,21
AT_SIM_01856,71,75,51,140,108,53,128,78
AT_SIM_01857,130,1082,230,1223,963,1549,604,713
AT_SIM_01858,407,63,142,99,190,299,338,217
AT_SIM_01859,11,3,10,1,2,4,5,1
AT_SIM_01860,616,239,531,936,266,248,242,178
AT_SIM_01861,21,12,12,12,22,9,17,13
AT_SIM_01862,4197,2924,3501,3358,5727,1054,3059,607
AT_SIM_01863,1061,1419,1010,807,502,351,384,559
AT_SIM_01864,400,16,135,93,161,111,69,563
AT_SIM_01865,155,208,168,228,83,217,109,195
AT_SIM_01866,146,102,97,91,73,15,67,117
AT_SIM_01867,614,595,507,596,525,452,430,558
AT_SIM_01868,29,60,77,153,43,15,16,34
AT_SIM_01869,309,316,165,241,279,141,67,138
AT_SIM_01870,447,193,1337,292,50,370,222,104
AT_SIM_01871,47,57,26,47,53,43,29,37
AT_SIM_01872,46,75,30,39,42,46,22,32
AT_SIM_01873,4,19,15,5,6,1,0,9
AT_SIM_01874,38,8,3,27,14,4,25,27
AT_SIM_01875,4,9,5,2,2,5,5,4
AT_SIM_01876,826,456,716,716,556,892,303,306
AT_SIM_01877,2779,2803,10209,3416,3305,6219,7061,4331
AT_SIM_01878,935,1788,1913,10374,6680,185,5951,663
AT_SIM_01879,4,0,11,5,7,15,3,11
AT_SIM_01880,477,1148,544,536,564,519,377,447
AT_SIM_01881,3208,1563,2750,1997,1867,4111,3035,2529
AT_SIM_01882,60,118,105,55,6,20,25,9
AT_SIM_01883,180,192,83,311,34,176,113,182
AT_SIM_01884,5,3,3,2,3,6,0,0
AT_SIM_01885,206,92,294,611,212,418,21,58
AT_SIM_01886,25,10,34,28,19,16,27,6
AT_SIM_01887,114,177,216,514,34,54,89,196
AT_SIM_01888,9,3,2,7,5,2,9,3
AT_SIM_01889,411,261,472,517,625,435,541,325
AT_SIM_01890,1098,1312,383,1295,2151,739,1327,1959
AT_SIM_01891,6,23,21,16,27,12,29,17
AT_SIM_01892,13,16,16,18,21,12,17,6
AT_SIM_01893,1,2,2,4,1,3,2,1
AT_SIM_01894,86,178,65,210,87,67,35,68
AT_SIM_01895,48,37,56,40,84,50,48,42
AT_SIM_01896,4,1,3,1,9,11,0,3
AT_SIM_01897,680,322,259,292,382,542,178,287
AT_SIM_01898,106,67,61,40,182,177,120,279
AT_SIM_01899,12,28,11,10,5,11,11,8
AT_SIM_01900,37,33,29,46,67,50,66,39
AT_SIM_01901,1268,981,965,1848,1717,531,1044,1377
AT_SIM_01902,329,652,224,357,412,394,199,484
AT_SIM_01903,132,4,152,151,16,16,23,13
AT_SIM_01904,1007,1731,225,454,763,318,378,393
AT_SIM_01905,32,50,23,33,13,5,6,32
AT_SIM_01906,219,238,63,159,66,263,166,186
AT_SIM_01907,118,152,50,128,103,168,83,56
AT_SIM_01908,52,48,19,31,46,44,39,48
AT_SIM_01909,250,256,63,424,200,211,301,350
AT_SIM_01910,22,43,39,23,42,30,31,35
AT_SIM_01911,452,482,109,409,335,815,379,473
AT_SIM_01912,237,817,373,129,670,473,396,690
AT_SIM_01913,3,1,0,0,3,7,8,6
AT_SIM_01914,613,1843,499,1608,1035,684,774,2014
AT_SIM_01915,1,0,1,3,1,1,2,1
AT_SIM_01916,72,131,11,0,91,35,13,55
AT_SIM_01917,1852,1128,1249,185,1207,1851,688,1250
AT_SIM_01918,129,57,77,71,80,113,19,107
AT_SIM_01919,1,19,10,12,13,12,1,14
AT_SIM_01920,2,4,18,16,9,15,23,30
AT_SIM_01921,1177,1622,1066,1255,645,2297,499,1938
AT_SIM_01922,3,6,1,2,1,1,1,0
AT_SIM_01923,402,2178,197,1188,1108,1565,46,1562
AT_SIM_01924,215,229,194,158,90,85,281,66
AT_SIM_01925,14,17,18,10,13,4,28,14
AT_SIM_01926,68,16,90,103,39,33,12,26
AT_SIM_01927,11,5,21,23,26,7,18,8
AT_SIM_01928,1433,418,2212,866,406,271,2355,1866
AT_SIM_01929,716,826,545,836,670,440,440,523
AT_SIM_01930,0,6,5,4,0,1,1,0
AT_SIM_01931,80,63,54,30,27,55,27,96
AT_SIM_01932,34,34,21,21,21,25,12,41
AT_SIM_01933,1504,819,654,1625,461,1878,878,1062
AT_SIM_01934,8,13,13,5,12,2,12,9
AT_SIM_01935,5054,4754,8285,2112,1724,6189,5338,3349
AT_SIM_01936,158,205,241,83,92,144,106,122
AT_SIM_01937,17,12,3,24,15,16,2,19
AT_SIM_01938,123,56,26,38,2,1,3,8
AT_SIM_01939,30,83,56,14,349,194,170,131
AT_SIM_01940,13,15,5,6,4,15,27,8
AT_SIM_01941,271,276,55,154,60,188,115,131
AT_SIM_01942,12,11,13,12,5,6,7,21
AT_SIM_01943,6,0,0,0,6,7,2,25
AT_SIM_01944,32,129,38,7,127,236,23,62
AT_SIM_01945,1,2,3,6,2,4,2,5
AT_SIM_01946,14,39,26,9,5,24,6,36
AT_SIM_01947,5,18,37,14,76,30,18,13
AT_SIM_01948,14,18,23,5,43,18,31,25
AT_SIM_01949,5711,6670,6989,4815,3111,8393,8150,3711
AT_SIM_01950,145,122,227,52,148,158,123,253
AT_SIM_01951,404,124,171,150,64,387,93,191
AT_SIM_01952,7,1,6,4,14,4,4,4
AT_SIM_01953,5,57,137,23,38,344,153,44
AT_SIM_01954,123,195,194,186,146,100,123,195
AT_SIM_01955,33,13,5,7,8,0,19,26
AT_SIM_01956,1091,392,680,97,727,1054,1538,1280
AT_SIM_01957,5,14,9,10,6,5,11,2
AT_SIM_01958,61,89,62,81,45,34,88,115
AT_SIM_01959,20,2,49,17,18,30,48,115
AT_SIM_01960,116,139,147,173,235,141,152,168
AT_SIM_01961,33,49,51,13,11,42,26,33
AT_SIM_01962,98,30,87,245,30,34,42,37
AT_SIM_01963,33,25,118,115,196,68,107,46
AT_SIM_01964,21,37,19,46,69,109,102,53
AT_SIM_01965,451,433,234,320,358,359,290,377
AT_SIM_01966,214,264,280,228,63,260,228,201
AT_SIM_01967,257,156,165,114,223,80,190,63
AT_SIM_01968,53,62,63,69,74,61,50,54
AT_SIM_01969,305,477,1065,312,818,815,75,377
AT_SIM_01970,18,93,67,15,322,60,25,22
AT_SIM_01971,67,184,12,83,22,49,114,30
AT_SIM_01972,248,521,30,156,129,97,27,24
AT_SIM_01973,4094,4683,3179,4147,3126,7463,4288,3115
AT_SIM_01974,5,6,9,11,0,4,0,0
AT_SIM_01975,761,563,401,427,584,515,420,707
AT_SIM_01976,2,12,3,5,2,2,5,4
AT_SIM_01977,288,214,328,77,146,282,81,142
AT_SIM_01978,1232,1148,5132,371,8956,1676,4748,18971
AT_SIM_01979,1494,349,73,434,944,760,194,506
AT_SIM_01980,130,214,155,328,185,164,146,215
AT_SIM_01981,37,42,37,37,23,33,48,96
AT_SIM_01982,67,143,197,125,196,646,358,764
AT_SIM_01983,62,69,18,110,70,98,61,62
AT_SIM_01984,50,21,4,30,3,16,15,1
AT_SIM_01985,94,48,97,81,49,118,110,58
AT_SIM_01986,374,260,250,179,256,126,335,203
AT_SIM_01987,21,44,13,18,17,7,18,30
AT_SIM_01988,21,10,28,36,9,16,36,25
AT_SIM_01989,7,11,9,9,31,24,27,33
AT_SIM_01990,197,426,766,137,86,375,258,117
AT_SIM_01991,154,982,765,551,1205,1630,2646,824
AT_SIM_01992,267,173,358,437,100,168,268,304
AT_SIM_01993,1668,1095,847,1337,589,1224,750,964
AT_SIM_01994,268,55,207,159,208,134,322,270
AT_SIM_01995,409,504,153,166,361,196,178,415
AT_SIM_01996,190,194,309,166,373,297,139,371
AT_SIM_01997,140,55,203,103,53,77,97,277
AT_SIM_01998,60,52,40,50,24,77,41,34
AT_SIM_01999,7975,11413,10687,25304,13615,12952,9243,6368
